1;так;так;PART;_;_;_;_;_;@al1997f-words#@al1997f#376.39#376.669
2;/;/;PUNCT;_;_;_;_;_;@al1997f-words#@al1997f#376.669#376.948
3;следующий;следующий;ADJ;_;Case=Nom|Degree=Pos|Gender=Masc|Number=Sing;_;_;_;@al1997f-words#@al1997f#376.948#377.227
4;вопрос;вопрос;NOUN;_;Animacy=Inan|Case=Nom|Gender=Masc|Number=Sing;_;_;_;@al1997f-words#@al1997f#377.227#377.506
5;/;/;PUNCT;_;_;_;_;_;@al1997f-words#@al1997f#377.506#377.785
6;каково;каковo;ADV;_;Degree=Pos;_;_;_;@al1997f-words#@al1997f#377.785#378.064
7;это;это;PRON;_;Animacy=Inan|Case=Nom|Gender=Neut|Number=Sing;_;_;_;@al1997f-words#@al1997f#378.064#378.343
8;жить;жить;VERB;_;Aspect=Imp|VerbForm=Inf|Voice=Act;_;_;_;@al1997f-words#@al1997f#378.343#378.622
9;в;в;ADP;_;_;_;_;_;@al1997f-words#@al1997f#378.622#378.901
10;стране;страна;NOUN;_;Animacy=Inan|Case=Loc|Gender=Fem|Number=Sing;_;_;_;@al1997f-words#@al1997f#378.901#379.18
11;полной;полный;ADJ;_;Case=Gen|Degree=Pos|Gender=Fem|Number=Sing;_;_;_;@al1997f-words#@al1997f#379.18#379.459
12;гомофобии;гомофобия;NOUN;_;Animacy=Inan|Case=Gen|Gender=Fem|Number=Sing;_;_;_;@al1997f-words#@al1997f#379.459#379.738
13;?;?;PUNCT;_;_;_;_;_;@al1997f-words#@al1997f#379.738#380.02
14;как;как;ADV;_;Degree=Pos;_;_;_;@al1997f-words#@al1997f#380.37#380.654
15;отражается;отражаться;VERB;_;Aspect=Imp|Mood=Ind|Number=Sing|Person=3|Tense=Pres|VerbForm=Fin|Voice=Mid;_;_;_;@al1997f-words#@al1997f#380.654#380.938
16;на;на;ADP;_;_;_;_;_;@al1997f-words#@al1997f#380.938#381.222
17;вашей;ваш;DET;_;Case=Loc|Gender=Fem|Number=Sing;_;_;_;@al1997f-words#@al1997f#381.222#381.506
18;жизни;жизнь;NOUN;_;Animacy=Inan|Case=Loc|Gender=Fem|Number=Sing;_;_;_;@al1997f-words#@al1997f#381.506#381.79
19;и;и;CCONJ;_;_;_;_;_;@al1997f-words#@al1997f#381.79#382.074
20;есть;быть;VERB;_;Aspect=Imp|Mood=Ind|Number=Sing|Person=3|Tense=Pres|VerbForm=Fin|Voice=Act;_;_;_;@al1997f-words#@al1997f#382.074#382.358
21;или;или;CCONJ;_;_;_;_;_;@al1997f-words#@al1997f#382.358#382.642
22;было;быть;VERB;_;Aspect=Imp|Gender=Neut|Mood=Ind|Number=Sing|Tense=Past|VerbForm=Fin|Voice=Act;_;_;_;@al1997f-words#@al1997f#382.642#382.926
23;ли;ли;PART;_;_;_;_;_;@al1997f-words#@al1997f#382.926#383.21
24;давление;давление;NOUN;_;Animacy=Inan|Case=Nom|Gender=Neut|Number=Sing;_;_;_;@al1997f-words#@al1997f#383.21#383.494
25;на;на;ADP;_;_;_;_;_;@al1997f-words#@al1997f#383.494#383.778
26;вас;вы;PRON;_;Case=Gen|Number=Plur|Person=2;_;_;_;@al1997f-words#@al1997f#383.778#384.062
27;со;со;ADP;_;_;_;_;_;@al1997f-words#@al1997f#384.062#384.346
28;стороны;сторона;NOUN;_;Animacy=Inan|Case=Gen|Gender=Fem|Number=Sing;_;_;_;@al1997f-words#@al1997f#384.346#384.63
29;окружающих;окружающие;NOUN;_;Animacy=Anim|Case=Gen|Gender=Masc|Number=Plur;_;_;_;@al1997f-words#@al1997f#384.63#384.914
30;/;/;PUNCT;_;_;_;_;_;@al1997f-words#@al1997f#384.914#385.198
31;соседей;сосед;NOUN;_;Animacy=Anim|Case=Gen|Gender=Masc|Number=Plur;_;_;_;@al1997f-words#@al1997f#385.198#385.482
32;/;/;PUNCT;_;_;_;_;_;@al1997f-words#@al1997f#385.482#385.766
33;друзей;друг;NOUN;_;Animacy=Anim|Case=Gen|Gender=Masc|Number=Plur;_;_;_;@al1997f-words#@al1997f#385.766#386.05
34;родителей;родитель;NOUN;_;Animacy=Anim|Case=Gen|Gender=Masc|Number=Plur;_;_;_;@al1997f-words#@al1997f#386.05#386.334
35;?;?;PUNCT;_;_;_;_;_;@al1997f-words#@al1997f#386.334#386.63
36;ага;ага;INTJ;_;_;_;_;_;@al1997f-words#@al1997f#473.12#473.32
37;ага;ага;INTJ;_;_;_;_;_;@al1997f-words#@al1997f#478.08#478.57
38;у;у;ADP;_;_;_;_;_;@al1997f-words#@al1997f#493.02#493.341
39;вас;вы;PRON;_;Case=Gen|Number=Plur|Person=2;_;_;_;@al1997f-words#@al1997f#493.341#493.662
40;в;в;ADP;_;_;_;_;_;@al1997f-words#@al1997f#493.662#493.983
41;окружении;окружение;NOUN;_;Animacy=Inan|Case=Loc|Gender=Neut|Number=Sing;_;_;_;@al1997f-words#@al1997f#493.983#494.304
42;большая;больший;ADJ;_;Case=Nom|Degree=Pos|Gender=Fem|Number=Sing;_;_;_;@al1997f-words#@al1997f#494.304#494.625
43;часть;часть;NOUN;_;Animacy=Inan|Case=Nom|Gender=Fem|Number=Sing;_;_;_;@al1997f-words#@al1997f#494.625#494.946
44;/;/;PUNCT;_;_;_;_;_;@al1997f-words#@al1997f#494.946#495.267
45;людей;человек;NOUN;_;Animacy=Anim|Case=Gen|Gender=Masc|Number=Plur;_;_;_;@al1997f-words#@al1997f#495.267#495.588
46;/;/;PUNCT;_;_;_;_;_;@al1997f-words#@al1997f#495.588#495.909
47;аа;аа;INTJ;_;_;_;_;_;@al1997f-words#@al1997f#495.909#496.23
48;ЛГБТ;ЛГБТ;NOUN;_;Animacy=Anim|Case=Nom|Gender=Masc|Number=Plur;_;_;_;@al1997f-words#@al1997f#496.23#496.551
49;плюс;плюс;ADP;_;_;_;_;_;@al1997f-words#@al1997f#496.551#496.872
50;/;/;PUNCT;_;_;_;_;_;@al1997f-words#@al1997f#496.872#497.193
51;или;или;CCONJ;_;_;_;_;_;@al1997f-words#@al1997f#497.193#497.514
52;же;же;PART;_;_;_;_;_;@al1997f-words#@al1997f#497.514#497.835
53;/;/;PUNCT;_;_;_;_;_;@al1997f-words#@al1997f#497.835#498.156
54;н...;н…;X;_;_;_;_;_;@al1997f-words#@al1997f#498.156#498.477
55;аа;аа;INTJ;_;_;_;_;_;@al1997f-words#@al1997f#498.477#498.798
56;/;/;PUNCT;_;_;_;_;_;@al1997f-words#@al1997f#498.798#499.119
57;есть;быть;VERB;_;Aspect=Imp|Mood=Ind|Number=Sing|Person=3|Tense=Pres|VerbForm=Fin|Voice=Act;_;_;_;@al1997f-words#@al1997f#499.119#499.44
58;у;у;ADP;_;_;_;_;_;@al1997f-words#@al1997f#499.44#499.761
59;вас;вы;PRON;_;Case=Gen|Number=Plur|Person=2;_;_;_;@al1997f-words#@al1997f#499.761#500.082
60;натуралы;натурал;NOUN;_;Animacy=Anim|Case=Nom|Gender=Masc|Number=Plur;_;_;_;@al1997f-words#@al1997f#500.082#500.403
61;/;/;PUNCT;_;_;_;_;_;@al1997f-words#@al1997f#500.403#500.724
62;и;и;CCONJ;_;_;_;_;_;@al1997f-words#@al1997f#500.724#501.045
63;как;как;ADV;_;Degree=Pos;_;_;_;@al1997f-words#@al1997f#501.045#501.366
64;они;они;PRON;_;Case=Nom|Number=Plur|Person=3;_;_;_;@al1997f-words#@al1997f#501.366#501.687
65;относятся;относиться;VERB;_;Aspect=Imp|Mood=Ind|Number=Plur|Person=3|Tense=Pres|VerbForm=Fin|Voice=Mid;_;_;_;@al1997f-words#@al1997f#501.687#502.008
66;к;к;ADP;_;_;_;_;_;@al1997f-words#@al1997f#502.008#502.329
67;вам;вы;PRON;_;Case=Dat|Number=Plur|Person=2;_;_;_;@al1997f-words#@al1997f#502.329#502.65
68;/;/;PUNCT;_;_;_;_;_;@al1997f-words#@al1997f#502.65#502.971
69;к;к;ADP;_;_;_;_;_;@al1997f-words#@al1997f#502.971#503.292
70;Максу;Макс;PROPN;_;Animacy=Anim|Case=Dat|Gender=Masc|Number=Sing;_;_;_;@al1997f-words#@al1997f#503.292#503.613
71;/;/;PUNCT;_;_;_;_;_;@al1997f-words#@al1997f#503.613#503.934
72;отнеслись;отнестись;VERB;_;Aspect=Perf|Mood=Ind|Number=Plur|Tense=Past|VerbForm=Fin|Voice=Mid;_;_;_;@al1997f-words#@al1997f#503.934#504.255
73;?;?;PUNCT;_;_;_;_;_;@al1997f-words#@al1997f#504.255#504.58
74;ага;ага;INTJ;_;_;_;_;_;@al1997f-words#@al1997f#561.4#561.6
75;да-да-да;да;INTJ;_;_;_;_;_;@al1997f-words#@al1997f#588.065#588.47
76;/;/;PUNCT;_;_;_;_;_;@al1997f-words#@al1997f#588.47#588.875
77;согласна;согласный;ADJ;_;Degree=Pos|Gender=Fem|Number=Sing|Variant=Short;_;_;_;@al1997f-words#@al1997f#588.875#589.28
78;ага;ага;PART;_;_;_;_;_;@al1997f-words#@al1997f#592.05#592.505
79;ага;ага;PART;_;_;_;_;_;@al1997f-words#@al1997f#674.875#675.515
80;ага;ага;PART;_;_;_;_;_;@al1997f-words#@al1997f#679.61#680.04
81;ага;ага;PART;_;_;_;_;_;@al1997f-words#@al1997f#723.14#723.67
82;вот;вот;ADV;_;Degree=Pos;_;_;_;@o1984f-words#@o1984f#387.0#387.401
83;удивительно;удивительно;ADV;_;Degree=Pos;_;_;_;@o1984f-words#@o1984f#387.401#387.802
84;н-н-но;но;CCONJ;_;_;_;_;_;@o1984f-words#@o1984f#387.802#388.203
85;прекрасно;прекрасно;ADV;_;Degree=Pos;_;_;_;@o1984f-words#@o1984f#388.203#388.604
86;живётся;житься;VERB;_;Aspect=Imp|Mood=Ind|Number=Sing|Person=3|Tense=Pres|VerbForm=Fin|Voice=Mid;_;_;_;@o1984f-words#@o1984f#388.604#389.005
87;в;в;ADP;_;_;_;_;_;@o1984f-words#@o1984f#389.005#389.406
88;стране;страна;NOUN;_;Animacy=Inan|Case=Loc|Gender=Fem|Number=Sing;_;_;_;@o1984f-words#@o1984f#389.406#389.807
89;полной;полный;ADJ;_;Case=Gen|Degree=Pos|Gender=Fem|Number=Sing;_;_;_;@o1984f-words#@o1984f#389.807#390.208
90;гомофобии;гомофобия;NOUN;_;Animacy=Inan|Case=Gen|Gender=Fem|Number=Sing;_;_;_;@o1984f-words#@o1984f#390.208#390.61
91;дело;дело;NOUN;_;Animacy=Inan|Case=Nom|Gender=Neut|Number=Sing;_;_;_;@o1984f-words#@o1984f#391.65#391.953
92;в;в;ADP;_;_;_;_;_;@o1984f-words#@o1984f#391.953#392.256
93;том;то;PRON;_;Animacy=Inan|Case=Loc|Gender=Neut|Number=Sing;_;_;_;@o1984f-words#@o1984f#392.256#392.559
94;что;что;SCONJ;_;_;_;_;_;@o1984f-words#@o1984f#392.559#392.862
95;у;у;ADP;_;_;_;_;_;@o1984f-words#@o1984f#392.862#393.165
96;нас;мы;PRON;_;Case=Gen|Number=Plur|Person=1;_;_;_;@o1984f-words#@o1984f#393.165#393.468
97;есть;быть;VERB;_;Aspect=Imp|Mood=Ind|Number=Plur|Person=3|Tense=Pres|VerbForm=Fin|Voice=Act;_;_;_;@o1984f-words#@o1984f#393.468#393.771
98;друзья;друг;NOUN;_;Animacy=Anim|Case=Nom|Gender=Masc|Number=Plur;_;_;_;@o1984f-words#@o1984f#393.771#394.074
99;и;и;CCONJ;_;_;_;_;_;@o1984f-words#@o1984f#394.074#394.377
100;знакомые;знакомый;ADJ;_;Case=Nom|Degree=Pos|Number=Plur;_;_;_;@o1984f-words#@o1984f#394.377#394.68
101;которые;который;PRON;_;Case=Acc;_;_;_;@o1984f-words#@o1984f#394.68#394.983
102;примерно;примерно;ADV;_;Degree=Pos;_;_;_;@o1984f-words#@o1984f#394.983#395.286
103;нашего;наш;DET;_;Case=Gen|Gender=Masc|Number=Sing;_;_;_;@o1984f-words#@o1984f#395.286#395.589
104;возраста;возраст;NOUN;_;Animacy=Inan|Case=Gen|Gender=Masc|Number=Sing;_;_;_;@o1984f-words#@o1984f#395.589#395.892
105;или;или;CCONJ;_;_;_;_;_;@o1984f-words#@o1984f#395.892#396.195
106;чуть;чуть;ADV;_;Degree=Pos;_;_;_;@o1984f-words#@o1984f#396.195#396.498
107;старше;старший;ADJ;_;Degree=Cmp;_;_;_;@o1984f-words#@o1984f#396.498#396.801
108;/;/;PUNCT;_;_;_;_;_;@o1984f-words#@o1984f#396.801#397.104
109;и;и;CCONJ;_;_;_;_;_;@o1984f-words#@o1984f#397.104#397.407
110;очень;очень;ADV;_;Degree=Pos;_;_;_;@o1984f-words#@o1984f#397.407#397.71
111;часто;часто;ADV;_;Degree=Pos;_;_;_;@o1984f-words#@o1984f#397.71#398.013
112;приходится;приходиться;VERB;_;Aspect=Imp|Mood=Ind|Number=Sing|Person=3|Tense=Pres|VerbForm=Fin|Voice=Mid;_;_;_;@o1984f-words#@o1984f#398.013#398.316
113;от;от;ADP;_;_;_;_;_;@o1984f-words#@o1984f#398.316#398.619
114;них;они;PRON;_;Case=Gen|Number=Plur|Person=3;_;_;_;@o1984f-words#@o1984f#398.619#398.922
115;а;а;INTJ;_;_;_;_;_;@o1984f-words#@o1984f#398.922#399.225
116;/;/;PUNCT;_;_;_;_;_;@o1984f-words#@o1984f#399.225#399.528
117;слышать;слышать;VERB;_;Aspect=Imp|VerbForm=Inf|Voice=Act;_;_;_;@o1984f-words#@o1984f#399.528#399.831
118;точку;точка;NOUN;_;Animacy=Inan|Case=Acc|Gender=Fem|Number=Sing;_;_;_;@o1984f-words#@o1984f#399.831#400.134
119;зрения;зрение;NOUN;_;Animacy=Inan|Case=Gen|Gender=Neut|Number=Sing;_;_;_;@o1984f-words#@o1984f#400.134#400.437
120;такую;такой;DET;_;Case=Acc|Gender=Fem|Number=Sing;_;_;_;@o1984f-words#@o1984f#400.437#400.74
121;что;что;SCONJ;_;_;_;_;_;@o1984f-words#@o1984f#400.74#401.043
122;в;в;ADP;_;_;_;_;_;@o1984f-words#@o1984f#401.043#401.346
123;этой;этот;DET;_;Case=Loc|Gender=Fem|Number=Sing;_;_;_;@o1984f-words#@o1984f#401.346#401.649
124;стране;страна;NOUN;_;Animacy=Inan|Case=Loc|Gender=Fem|Number=Sing;_;_;_;@o1984f-words#@o1984f#401.649#401.952
125;/;/;PUNCT;_;_;_;_;_;@o1984f-words#@o1984f#401.952#402.255
126;по;по;ADP;_;_;_;_;_;@o1984f-words#@o1984f#402.255#402.558
127;причине;причина;NOUN;_;Animacy=Inan|Case=Dat|Gender=Fem|Number=Sing;_;_;_;@o1984f-words#@o1984f#402.558#402.861
128;именно;именно;PART;_;_;_;_;_;@o1984f-words#@o1984f#402.861#403.164
129;гомофобии;гомофобия;NOUN;_;Animacy=Inan|Case=Gen|Gender=Fem|Number=Sing;_;_;_;@o1984f-words#@o1984f#403.164#403.467
130;живётся;житься;VERB;_;Aspect=Imp|Mood=Ind|Number=Sing|Person=3|Tense=Pres|VerbForm=Fin|Voice=Mid;_;_;_;@o1984f-words#@o1984f#403.467#403.77
131;ужасно;ужасно;ADV;_;Degree=Pos;_;_;_;@o1984f-words#@o1984f#403.77#404.08
132;аа;аа;INTJ;_;_;_;_;_;@o1984f-words#@o1984f#404.66#404.987
133;есть;быть;VERB;_;Aspect=Imp|Mood=Ind|Number=Sing|Person=3|Tense=Pres|VerbForm=Fin|Voice=Act;_;_;_;@o1984f-words#@o1984f#404.987#405.314
134;пара;пара;NOUN;_;Animacy=Inan|Case=Nom|Gender=Fem|Number=Sing;_;_;_;@o1984f-words#@o1984f#405.314#405.641
135;которая;который;PRON;_;Case=Nom;_;_;_;@o1984f-words#@o1984f#405.641#405.968
136;аа;аа;INTJ;_;_;_;_;_;@o1984f-words#@o1984f#405.968#406.295
137;уезжает;уезжать;VERB;_;Aspect=Imp|Mood=Ind|Number=Sing|Person=3|Tense=Pres|VerbForm=Fin|Voice=Act;_;_;_;@o1984f-words#@o1984f#406.295#406.622
138;аа;аа;INTJ;_;_;_;_;_;@o1984f-words#@o1984f#406.622#406.949
139;на;на;ADP;_;_;_;_;_;@o1984f-words#@o1984f#406.949#407.276
140;правах;право;NOUN;_;Animacy=Inan|Case=Loc|Gender=Neut|Number=Plur;_;_;_;@o1984f-words#@o1984f#407.276#407.603
141;политических;политический;ADJ;_;Case=Gen|Degree=Pos|Number=Plur;_;_;_;@o1984f-words#@o1984f#407.603#407.93
142;беженцев;беженец;NOUN;_;Animacy=Anim|Case=Gen|Gender=Masc|Number=Plur;_;_;_;@o1984f-words#@o1984f#407.93#408.257
143;вместе;вместе;ADV;_;Degree=Pos;_;_;_;@o1984f-words#@o1984f#408.257#408.584
144;с;с;ADP;_;_;_;_;_;@o1984f-words#@o1984f#408.584#408.911
145;семьями;семья;NOUN;_;Animacy=Inan|Case=Ins|Gender=Fem|Number=Plur;_;_;_;@o1984f-words#@o1984f#408.911#409.238
146;со;с;ADP;_;_;_;_;_;@o1984f-words#@o1984f#409.238#409.565
147;своими;свой;DET;_;Case=Ins|Number=Plur;_;_;_;@o1984f-words#@o1984f#409.565#409.892
148;детьми;ребенок;NOUN;_;Animacy=Anim|Case=Ins|Gender=Masc|Number=Plur;_;_;_;@o1984f-words#@o1984f#409.892#410.219
149;и;и;CCONJ;_;_;_;_;_;@o1984f-words#@o1984f#410.219#410.546
150;живут;жить;VERB;_;Aspect=Imp|Mood=Ind|Number=Plur|Person=3|Tense=Pres|VerbForm=Fin|Voice=Act;_;_;_;@o1984f-words#@o1984f#410.546#410.873
151;там;там;ADV;_;Degree=Pos;_;_;_;@o1984f-words#@o1984f#410.873#411.2
152;/;/;PUNCT;_;_;_;_;_;@o1984f-words#@o1984f#411.2#411.527
153;опять;опять;ADV;_;Degree=Pos;_;_;_;@o1984f-words#@o1984f#411.527#411.854
154;же;же;PART;_;_;_;_;_;@o1984f-words#@o1984f#411.854#412.181
155;опасаясь;опасаться;VERB;_;Aspect=Imp|Tense=Pres|VerbForm=Conv|Voice=Mid;_;_;_;@o1984f-words#@o1984f#412.181#412.508
156;этой;этот;DET;_;Case=Dat|Gender=Fem|Number=Sing;_;_;_;@o1984f-words#@o1984f#412.508#412.835
157;гомофобии;гомофобия;NOUN;_;Animacy=Inan|Case=Gen|Gender=Fem|Number=Sing;_;_;_;@o1984f-words#@o1984f#412.835#413.162
158;/;/;PUNCT;_;_;_;_;_;@o1984f-words#@o1984f#413.162#413.489
159;я;я;PRON;_;Case=Nom|Number=Sing|Person=1;_;_;_;@o1984f-words#@o1984f#413.489#413.816
160;не;не;PART;_;_;_;_;_;@o1984f-words#@o1984f#413.816#414.143
161;исключаю;исключать;VERB;_;Aspect=Imp|Mood=Ind|Number=Sing|Person=1|Tense=Pres|VerbForm=Fin|Voice=Act;_;_;_;@o1984f-words#@o1984f#414.143#414.47
162;что;что;SCONJ;_;_;_;_;_;@o1984f-words#@o1984f#414.47#414.797
163;у;у;ADP;_;_;_;_;_;@o1984f-words#@o1984f#414.797#415.124
164;них;они;PRON;_;Case=Gen|Number=Plur|Person=3;_;_;_;@o1984f-words#@o1984f#415.124#415.451
165;были;быть;VERB;_;Aspect=Imp|Mood=Ind|Number=Plur|Tense=Past|VerbForm=Fin|Voice=Act;_;_;_;@o1984f-words#@o1984f#415.451#415.778
166;какие-то;какой-то;DET;_;Case=Nom|Number=Plur;_;_;_;@o1984f-words#@o1984f#415.778#416.105
167;там;там;ADV;_;Degree=Pos;_;_;_;@o1984f-words#@o1984f#416.105#416.432
168;/;/;PUNCT;_;_;_;_;_;@o1984f-words#@o1984f#416.432#416.759
169;жуткие;жуткий;ADJ;_;Case=Nom|Degree=Pos|Number=Plur;_;_;_;@o1984f-words#@o1984f#416.759#417.086
170;трэшовые;трэшовый;ADJ;_;Case=Nom|Degree=Pos|Number=Plur;_;_;_;@o1984f-words#@o1984f#417.086#417.413
171;случаи;случай;NOUN;_;Animacy=Inan|Case=Nom|Gender=Masc|Number=Plur;_;_;_;@o1984f-words#@o1984f#417.413#417.74
172;аа;аа;INTJ;_;_;_;_;_;@o1984f-words#@o1984f#419.04#419.374
173;/;/;PUNCT;_;_;_;_;_;@o1984f-words#@o1984f#419.374#419.708
174;лично;лично;ADV;_;Degree=Pos;_;_;_;@o1984f-words#@o1984f#419.708#420.042
175;мы;мы;PRON;_;Case=Nom|Number=Plur|Person=1;_;_;_;@o1984f-words#@o1984f#420.042#420.376
176;на;на;ADP;_;_;_;_;_;@o1984f-words#@o1984f#420.376#420.71
177;своём;свой;DET;_;Case=Loc|Gender=Neut|Number=Sing;_;_;_;@o1984f-words#@o1984f#420.71#421.044
178;опыте;опыт;NOUN;_;Animacy=Inan|Case=Loc|Gender=Masc|Number=Sing;_;_;_;@o1984f-words#@o1984f#421.044#421.378
179;н-не;не;PART;_;_;_;_;_;@o1984f-words#@o1984f#421.378#421.712
180;сталкивались;сталкиваться;VERB;_;Aspect=Imp|Mood=Ind|Number=Plur|Tense=Past|VerbForm=Fin|Voice=Mid;_;_;_;@o1984f-words#@o1984f#421.712#422.046
181;/;/;PUNCT;_;_;_;_;_;@o1984f-words#@o1984f#422.046#422.38
182;ну;ну;PART;_;_;_;_;_;@o1984f-words#@o1984f#422.38#422.714
183;/;/;PUNCT;_;_;_;_;_;@o1984f-words#@o1984f#422.714#423.048
184;за;за;ADP;_;_;_;_;_;@o1984f-words#@o1984f#423.048#423.382
185;исключением;исключение;NOUN;_;Animacy=Inan|Case=Ins|Gender=Neut|Number=Sing;_;_;_;@o1984f-words#@o1984f#423.382#423.716
186;единственного;единственный;ADJ;_;Case=Gen|Degree=Pos|Gender=Masc|Number=Sing;_;_;_;@o1984f-words#@o1984f#423.716#424.05
187;случая;случай;NOUN;_;Animacy=Inan|Case=Gen|Gender=Masc|Number=Sing;_;_;_;@o1984f-words#@o1984f#424.05#424.384
188;там;там;ADV;_;Degree=Pos;_;_;_;@o1984f-words#@o1984f#424.384#424.718
189;просто;просто;PART;_;_;_;_;_;@o1984f-words#@o1984f#424.718#425.052
190;с;с;ADP;_;_;_;_;_;@o1984f-words#@o1984f#425.052#425.386
191;каким-то;какой-то;DET;_;Case=Ins|Gender=Masc|Number=Sing;_;_;_;@o1984f-words#@o1984f#425.386#425.72
192;пьяным;пьяный;ADJ;_;Case=Ins|Degree=Pos|Gender=Masc|Number=Sing;_;_;_;@o1984f-words#@o1984f#425.72#426.054
193;быдлом;быдло;NOUN;_;Animacy=Anim|Case=Ins|Gender=Neut|Number=Sing;_;_;_;@o1984f-words#@o1984f#426.054#426.388
194;/;/;PUNCT;_;_;_;_;_;@o1984f-words#@o1984f#426.388#426.722
195;который;который;PRON;_;Case=Nom;_;_;_;@o1984f-words#@o1984f#426.722#427.056
196;в;в;ADP;_;_;_;_;_;@o1984f-words#@o1984f#427.056#427.39
197;общем-то;общей-то;DET;_;Case=Loc|Gender=Masc|Number=Sing;_;_;_;@o1984f-words#@o1984f#427.39#427.724
198;было;быть;AUX;_;Aspect=Imp|Gender=Neut|Mood=Ind|Number=Sing|Tense=Past|VerbForm=Fin|Voice=Act;_;_;_;@o1984f-words#@o1984f#427.724#428.058
199;все;все;PRON;_;Animacy=Inan|Case=Nom|Gender=Neut|Number=Sing;_;_;_;@o1984f-words#@o1984f#428.058#428.392
200;равно;равный;ADJ;_;Degree=Pos|Gender=Neut|Number=Sing|Variant=Short;_;_;_;@o1984f-words#@o1984f#428.392#428.726
201;как;как;ADV;_;Degree=Pos;_;_;_;@o1984f-words#@o1984f#428.726#429.06
202;бы;бы;PART;_;_;_;_;_;@o1984f-words#@o1984f#429.06#429.394
203;да;да;PART;_;_;_;_;_;@o1984f-words#@o1984f#429.394#429.728
204;до;до;ADP;_;_;_;_;_;@o1984f-words#@o1984f#429.728#430.062
205;кого;кто;PRON;_;Case=Gen;_;_;_;@o1984f-words#@o1984f#430.062#430.396
206;докопаться;докопаться;VERB;_;Aspect=Perf|VerbForm=Inf|Voice=Mid;_;_;_;@o1984f-words#@o1984f#430.396#430.74
207;до;до;ADP;_;_;_;_;_;@o1984f-words#@o1984f#431.31#431.593
208;нас;мы;PRON;_;Case=Gen|Number=Plur|Person=1;_;_;_;@o1984f-words#@o1984f#431.593#431.876
209;или;или;CCONJ;_;_;_;_;_;@o1984f-words#@o1984f#431.876#432.159
210;там;там;ADV;_;Degree=Pos;_;_;_;@o1984f-words#@o1984f#432.159#432.442
211;ещё;еще;ADV;_;Degree=Pos;_;_;_;@o1984f-words#@o1984f#432.442#432.725
212;до;до;ADP;_;_;_;_;_;@o1984f-words#@o1984f#432.725#433.008
213;кого-то;кто-то;PRON;_;Case=Gen;_;_;_;@o1984f-words#@o1984f#433.008#433.291
214;э;э;INTJ;_;_;_;_;_;@o1984f-words#@o1984f#433.291#433.574
215;и;и;CCONJ;_;_;_;_;_;@o1984f-words#@o1984f#433.574#433.857
216;/;/;PUNCT;_;_;_;_;_;@o1984f-words#@o1984f#433.857#434.14
217;н...;н...;PROPN;_;Animacy=Anim|Case=Dat|Gender=Fem|Number=Sing;_;_;_;@o1984f-words#@o1984f#434.14#434.423
218;мы;мы;PRON;_;Case=Nom|Number=Plur|Person=1;_;_;_;@o1984f-words#@o1984f#434.423#434.706
219;достаточно;достаточно;ADV;_;Degree=Pos;_;_;_;@o1984f-words#@o1984f#434.706#434.989
220;быстро;быстро;ADV;_;Degree=Pos;_;_;_;@o1984f-words#@o1984f#434.989#435.272
221;об;о;ADP;_;_;_;_;_;@o1984f-words#@o1984f#435.272#435.555
222;этом;это;PRON;_;Animacy=Inan|Case=Loc|Gender=Neut|Number=Sing;_;_;_;@o1984f-words#@o1984f#435.555#435.838
223;забыли;забыть;VERB;_;Aspect=Perf|Mood=Ind|Number=Plur|Tense=Past|VerbForm=Fin|Voice=Act;_;_;_;@o1984f-words#@o1984f#435.838#436.13
224;да;да;PART;_;_;_;_;_;@o1984f-words#@o1984f#439.0#439.2
225;соласна;соласный;ADJ;_;Degree=Pos|Gender=Fem|Number=Sing|Variant=Short;_;_;_;@o1984f-words#@o1984f#451.66#451.993
226;/;/;PUNCT;_;_;_;_;_;@o1984f-words#@o1984f#451.993#452.326
227;да;да;PART;_;_;_;_;_;@o1984f-words#@o1984f#452.326#452.66
228;пока;пока;ADV;_;Degree=Pos;_;_;_;@o1984f-words#@o1984f#457.615#457.901
229;всё;весь;PRON;_;Animacy=Inan|Case=Nom|Gender=Neut|Number=Sing;_;_;_;@o1984f-words#@o1984f#457.901#458.187
230;окей;окей;INTJ;_;_;_;_;_;@o1984f-words#@o1984f#458.187#458.473
231;/;/;PUNCT;_;_;_;_;_;@o1984f-words#@o1984f#458.473#458.759
232;у;у;ADP;_;_;_;_;_;@o1984f-words#@o1984f#458.759#459.045
233;нас;мы;PRON;_;Case=Gen|Number=Plur|Person=1;_;_;_;@o1984f-words#@o1984f#459.045#459.331
234;ребёнок;ребёнок;NOUN;_;Animacy=Anim|Case=Nom|Gender=Masc|Number=Sing;_;_;_;@o1984f-words#@o1984f#459.331#459.617
235;на;на;ADP;_;_;_;_;_;@o1984f-words#@o1984f#459.617#459.903
236;руках;рука;NOUN;_;Animacy=Inan|Case=Loc|Gender=Fem|Number=Plur;_;_;_;@o1984f-words#@o1984f#459.903#460.189
237;и;и;CCONJ;_;_;_;_;_;@o1984f-words#@o1984f#460.189#460.475
238;мы;мы;PRON;_;Case=Nom|Number=Plur|Person=1;_;_;_;@o1984f-words#@o1984f#460.475#460.761
239;понимаем;понимать;VERB;_;Aspect=Imp|Mood=Ind|Number=Plur|Person=1|Tense=Pres|VerbForm=Fin|Voice=Act;_;_;_;@o1984f-words#@o1984f#460.761#461.047
240;что;что;PRON;_;Case=Nom;_;_;_;@o1984f-words#@o1984f#461.047#461.333
241;однажды;однажды;ADV;_;Degree=Pos;_;_;_;@o1984f-words#@o1984f#461.333#461.619
242;начнётся;начаться;VERB;_;Aspect=Perf|Mood=Ind|Number=Sing|Person=3|Tense=Pres|VerbForm=Fin|Voice=Mid;_;_;_;@o1984f-words#@o1984f#461.619#461.905
243;школа;школа;NOUN;_;Animacy=Inan|Case=Nom|Gender=Fem|Number=Sing;_;_;_;@o1984f-words#@o1984f#461.905#462.191
244;/;/;PUNCT;_;_;_;_;_;@o1984f-words#@o1984f#462.191#462.477
245;аа;аа;INTJ;_;_;_;_;_;@o1984f-words#@o1984f#462.477#462.763
246;однажды;однажды;ADV;_;Degree=Pos;_;_;_;@o1984f-words#@o1984f#462.763#463.049
247;начнётся;начаться;VERB;_;Aspect=Perf|Mood=Ind|Number=Sing|Person=3|Tense=Pres|VerbForm=Fin|Voice=Mid;_;_;_;@o1984f-words#@o1984f#463.049#463.335
248;детский;детский;ADJ;_;Case=Nom|Degree=Pos|Gender=Masc|Number=Sing;_;_;_;@o1984f-words#@o1984f#463.335#463.621
249;сад;сад;NOUN;_;Animacy=Inan|Case=Nom|Gender=Masc|Number=Sing;_;_;_;@o1984f-words#@o1984f#463.621#463.907
250;аа;аа;INTJ;_;_;_;_;_;@o1984f-words#@o1984f#463.907#464.193
251;/;/;PUNCT;_;_;_;_;_;@o1984f-words#@o1984f#464.193#464.479
252;но;но;CCONJ;_;_;_;_;_;@o1984f-words#@o1984f#464.479#464.765
253;опять;опять;ADV;_;Degree=Pos;_;_;_;@o1984f-words#@o1984f#464.765#465.051
254;же;же;PART;_;_;_;_;_;@o1984f-words#@o1984f#465.051#465.337
255;от;от;ADP;_;_;_;_;_;@o1984f-words#@o1984f#465.337#465.623
256;своих;свой;DET;_;Case=Gen|Number=Plur;_;_;_;@o1984f-words#@o1984f#465.623#465.909
257;знакомых;знакомый;ADJ;_;Case=Gen|Degree=Pos|Gender=Masc|Number=Plur;_;_;_;@o1984f-words#@o1984f#465.909#466.195
258;у;у;ADP;_;_;_;_;_;@o1984f-words#@o1984f#466.195#466.481
259;которых;который;PRON;_;Case=Gen;_;_;_;@o1984f-words#@o1984f#466.481#466.767
260;уже;уже;ADV;_;Degree=Pos;_;_;_;@o1984f-words#@o1984f#466.767#467.053
261;есть;быть;VERB;_;Aspect=Imp|Mood=Ind|Number=Sing|Person=3|Tense=Pres|VerbForm=Fin|Voice=Act;_;_;_;@o1984f-words#@o1984f#467.053#467.339
262;дети;ребенок;NOUN;_;Animacy=Anim|Case=Nom|Gender=Masc|Number=Plur;_;_;_;@o1984f-words#@o1984f#467.339#467.625
263;которые;который;PRON;_;Case=Nom;_;_;_;@o1984f-words#@o1984f#467.625#467.911
264;учатся;учиться;VERB;_;Aspect=Imp|Mood=Ind|Number=Plur|Person=3|Tense=Pres|VerbForm=Fin|Voice=Mid;_;_;_;@o1984f-words#@o1984f#467.911#468.197
265;и;и;CCONJ;_;_;_;_;_;@o1984f-words#@o1984f#468.197#468.483
266;ходят;ходить;VERB;_;Aspect=Imp|Mood=Ind|Number=Plur|Person=3|Tense=Pres|VerbForm=Fin|Voice=Act;_;_;_;@o1984f-words#@o1984f#468.483#468.769
267;в;в;ADP;_;_;_;_;_;@o1984f-words#@o1984f#468.769#469.055
268;русские;русский;ADJ;_;Case=Acc|Degree=Pos|Number=Plur;_;_;_;@o1984f-words#@o1984f#469.055#469.341
269;сады;сад;NOUN;_;Animacy=Inan|Case=Acc|Gender=Masc|Number=Plur;_;_;_;@o1984f-words#@o1984f#469.341#469.627
270;/;/;PUNCT;_;_;_;_;_;@o1984f-words#@o1984f#469.627#469.913
271;мы;мы;PRON;_;Case=Nom|Number=Plur|Person=1;_;_;_;@o1984f-words#@o1984f#469.913#470.199
272;не;не;PART;_;_;_;_;_;@o1984f-words#@o1984f#470.199#470.485
273;слышали;слышать;VERB;_;Aspect=Imp|Mood=Ind|Number=Plur|Tense=Past|VerbForm=Fin|Voice=Act;_;_;_;@o1984f-words#@o1984f#470.485#470.771
274;каких-то;какой-то;DET;_;Case=Gen|Number=Plur;_;_;_;@o1984f-words#@o1984f#470.771#471.057
275;жутких;жуткий;ADJ;_;Case=Gen|Degree=Pos|Number=Plur;_;_;_;@o1984f-words#@o1984f#471.057#471.343
276;историй;история;NOUN;_;Animacy=Inan|Case=Gen|Gender=Fem|Number=Plur;_;_;_;@o1984f-words#@o1984f#471.343#471.629
277;о;о;ADP;_;_;_;_;_;@o1984f-words#@o1984f#471.629#471.915
278;том;то;PRON;_;Animacy=Inan|Case=Loc|Gender=Neut|Number=Sing;_;_;_;@o1984f-words#@o1984f#471.915#472.201
279;что;что;SCONJ;_;_;_;_;_;@o1984f-words#@o1984f#472.201#472.487
280;там;там;ADV;_;Degree=Pos;_;_;_;@o1984f-words#@o1984f#472.487#472.773
281;/;/;PUNCT;_;_;_;_;_;@o1984f-words#@o1984f#472.773#473.059
282;какая-то;какой-то;DET;_;Case=Nom|Gender=Fem|Number=Sing;_;_;_;@o1984f-words#@o1984f#473.059#473.345
283;злая;злой;ADJ;_;Case=Nom|Degree=Pos|Gender=Fem|Number=Sing;_;_;_;@o1984f-words#@o1984f#473.345#473.631
284;воспетка;воспетка;NOUN;_;Animacy=Anim|Case=Nom|Gender=Fem|Number=Sing;_;_;_;@o1984f-words#@o1984f#473.631#473.917
285;/;/;PUNCT;_;_;_;_;_;@o1984f-words#@o1984f#473.917#474.203
286;я;я;PRON;_;Case=Nom|Number=Sing|Person=1;_;_;_;@o1984f-words#@o1984f#474.203#474.489
287;не;не;PART;_;_;_;_;_;@o1984f-words#@o1984f#474.489#474.775
288;знаю;знать;VERB;_;Aspect=Imp|Mood=Ind|Number=Sing|Person=1|Tense=Pres|VerbForm=Fin|Voice=Act;_;_;_;@o1984f-words#@o1984f#474.775#475.061
289;взяла;взять;VERB;_;Aspect=Perf|Gender=Fem|Mood=Ind|Number=Sing|Tense=Past|VerbForm=Fin|Voice=Act;_;_;_;@o1984f-words#@o1984f#475.061#475.347
290;себе;себя;PRON;_;Case=Dat;_;_;_;@o1984f-words#@o1984f#475.347#475.633
291;за;за;ADP;_;_;_;_;_;@o1984f-words#@o1984f#475.633#475.919
292;цель;цель;NOUN;_;Animacy=Inan|Case=Acc|Gender=Fem|Number=Sing;_;_;_;@o1984f-words#@o1984f#475.919#476.205
293;жизни;жизнь;NOUN;_;Animacy=Inan|Case=Gen|Gender=Fem|Number=Sing;_;_;_;@o1984f-words#@o1984f#476.205#476.491
294;лишить;лишить;VERB;_;Aspect=Perf|VerbForm=Inf|Voice=Act;_;_;_;@o1984f-words#@o1984f#476.491#476.777
295;нас;мы;PRON;_;Case=Acc|Number=Plur|Person=1;_;_;_;@o1984f-words#@o1984f#476.777#477.063
296;родительских;родительский;ADJ;_;Case=Gen|Degree=Pos|Number=Plur;_;_;_;@o1984f-words#@o1984f#477.063#477.349
297;прав;право;NOUN;_;Animacy=Inan|Case=Gen|Gender=Neut|Number=Plur;_;_;_;@o1984f-words#@o1984f#477.349#477.635
298;там;там;ADV;_;Degree=Pos;_;_;_;@o1984f-words#@o1984f#477.635#477.921
299;и;и;CCONJ;_;_;_;_;_;@o1984f-words#@o1984f#477.921#478.207
300;так;так;ADV;_;Degree=Pos;_;_;_;@o1984f-words#@o1984f#478.207#478.493
301;далее;далее;ADV;_;Degree=Pos;_;_;_;@o1984f-words#@o1984f#478.493#478.82
302;вроде;вроде;ADV;_;Degree=Pos;_;_;_;@o1984f-words#@o1984f#479.36#479.615
303;бы;бы;PART;_;_;_;_;_;@o1984f-words#@o1984f#479.615#479.87
304;всё;весь;PRON;_;Animacy=Inan|Case=Acc|Gender=Neut|Number=Sing;_;_;_;@o1984f-words#@o1984f#479.87#480.125
305;окей;окей;INTJ;_;_;_;_;_;@o1984f-words#@o1984f#480.125#480.38
306;всё;все;PRON;_;Animacy=Inan|Case=Acc|Gender=Neut|Number=Sing;_;_;_;@o1984f-words#@o1984f#480.38#480.635
307;нормально;нормально;ADV;_;Degree=Pos;_;_;_;@o1984f-words#@o1984f#480.635#480.89
308;/;/;PUNCT;_;_;_;_;_;@o1984f-words#@o1984f#480.89#481.145
309;может;мочь;VERB;_;Aspect=Imp|Mood=Ind|Number=Sing|Person=3|Tense=Pres|VerbForm=Fin|Voice=Act;_;_;_;@o1984f-words#@o1984f#481.145#481.4
310;быть;быть;VERB;_;Aspect=Imp|VerbForm=Inf|Voice=Act;_;_;_;@o1984f-words#@o1984f#481.4#481.655
311;мы;мы;PRON;_;Case=Nom|Number=Plur|Person=1;_;_;_;@o1984f-words#@o1984f#481.655#481.91
312;такие;такой;DET;_;Case=Nom|Number=Plur;_;_;_;@o1984f-words#@o1984f#481.91#482.165
313;счастливые;счастливый;ADJ;_;Case=Nom|Degree=Pos|Number=Plur;_;_;_;@o1984f-words#@o1984f#482.165#482.42
314;/;/;PUNCT;_;_;_;_;_;@o1984f-words#@o1984f#482.42#482.675
315;и;и;PART;_;_;_;_;_;@o1984f-words#@o1984f#482.675#482.93
316;найдутся;найтись;VERB;_;Aspect=Perf|Mood=Ind|Number=Plur|Person=3|Tense=Fut|VerbForm=Fin|Voice=Mid;_;_;_;@o1984f-words#@o1984f#482.93#483.185
317;люди;человек;NOUN;_;Animacy=Anim|Case=Nom|Gender=Masc|Number=Plur;_;_;_;@o1984f-words#@o1984f#483.185#483.44
318;которые;который;PRON;_;Case=Nom;_;_;_;@o1984f-words#@o1984f#483.44#483.695
319;будут;быть;AUX;_;Aspect=Imp|Mood=Ind|Number=Plur|Person=3|Tense=Pres|VerbForm=Fin|Voice=Act;_;_;_;@o1984f-words#@o1984f#483.695#483.95
320;жаловаться;жаловаться;VERB;_;Aspect=Imp|VerbForm=Inf|Voice=Mid;_;_;_;@o1984f-words#@o1984f#483.95#484.205
321;до;до;ADP;_;_;_;_;_;@o1984f-words#@o1984f#484.205#484.46
322;бесконечности;бесконечность;NOUN;_;Animacy=Inan|Case=Gen|Gender=Fem|Number=Sing;_;_;_;@o1984f-words#@o1984f#484.46#484.715
323;да;да;PART;_;_;_;_;_;@o1984f-words#@o1984f#484.715#484.97
324;/;/;PUNCT;_;_;_;_;_;@o1984f-words#@o1984f#484.97#485.225
325;ну;ну;PART;_;_;_;_;_;@o1984f-words#@o1984f#485.225#485.48
326;и;и;PART;_;_;_;_;_;@o1984f-words#@o1984f#485.48#485.735
327;рассказывать;рассказывать;VERB;_;Aspect=Imp|VerbForm=Inf|Voice=Act;_;_;_;@o1984f-words#@o1984f#485.735#485.99
328;там;там;ADV;_;Degree=Pos;_;_;_;@o1984f-words#@o1984f#485.99#486.245
329;все;все;PRON;_;Animacy=Inan|Case=Acc|Gender=Neut|Number=Sing;_;_;_;@o1984f-words#@o1984f#486.245#486.5
330;вот;вот;PART;_;_;_;_;_;@o1984f-words#@o1984f#486.5#486.755
331;эти;этот;DET;_;Case=Nom|Number=Plur;_;_;_;@o1984f-words#@o1984f#486.755#487.01
332;вот;вот;PART;_;_;_;_;_;@o1984f-words#@o1984f#487.01#487.265
333;случаи;случай;NOUN;_;Animacy=Inan|Case=Acc|Gender=Masc|Number=Plur;_;_;_;@o1984f-words#@o1984f#487.265#487.52
334;у;у;ADP;_;_;_;_;_;@o1984f-words#@o1984f#488.31#488.544
335;нас;мы;PRON;_;Case=Gen|Number=Plur|Person=1;_;_;_;@o1984f-words#@o1984f#488.544#488.778
336;пока;пока;ADV;_;Degree=Pos;_;_;_;@o1984f-words#@o1984f#488.778#489.012
337;всё;весь;PRON;_;Animacy=Inan|Case=Acc|Gender=Neut|Number=Sing;_;_;_;@o1984f-words#@o1984f#489.012#489.246
338;хорошо;хороший;ADJ;_;Degree=Pos|Gender=Neut|Number=Sing|Variant=Short;_;_;_;@o1984f-words#@o1984f#489.246#489.48
339;и...;и...;PROPN;_;Animacy=Anim|Case=Ins|Gender=Fem|Number=Sing;_;_;_;@o1984f-words#@o1984f#489.48#489.714
340;и;и;CCONJ;_;_;_;_;_;@o1984f-words#@o1984f#489.714#489.948
341;мы;мы;PRON;_;Case=Nom|Number=Plur|Person=1;_;_;_;@o1984f-words#@o1984f#489.948#490.182
342;очень;очень;ADV;_;Degree=Pos;_;_;_;@o1984f-words#@o1984f#490.182#490.416
343;этому;это;DET;_;Case=Dat|Gender=Masc|Number=Sing;_;_;_;@o1984f-words#@o1984f#490.416#490.65
344;рады;рад;ADJ;_;Degree=Pos|Number=Plur|Variant=Short;_;_;_;@o1984f-words#@o1984f#490.65#490.884
345;/;/;PUNCT;_;_;_;_;_;@o1984f-words#@o1984f#490.884#491.118
346;правда;правда;PART?;_;Animacy=Inan|Case=Nom|Gender=Fem|Number=Sing;_;_;_;@o1984f-words#@o1984f#491.118#491.352
347;?;?;PUNCT;_;_;_;_;_;@o1984f-words#@o1984f#491.352#491.59
348;ага;ага;INTJ;_;_;_;_;_;@o1984f-words#@o1984f#502.52#503.02
349;ну;ну;PART;_;_;_;_;_;@o1984f-words#@o1984f#505.175#505.47
350;/;/;PUNCT;_;_;_;_;_;@o1984f-words#@o1984f#505.47#505.765
351;вообще;вообще;ADV;_;Degree=Pos;_;_;_;@o1984f-words#@o1984f#505.765#506.06
352;с;с;ADP;_;_;_;_;_;@o1984f-words#@o1984f#506.06#506.355
353;возрастом;возраст;NOUN;_;Animacy=Inan|Case=Ins|Gender=Masc|Number=Sing;_;_;_;@o1984f-words#@o1984f#506.355#506.65
354;вот;вот;PART;_;_;_;_;_;@o1984f-words#@o1984f#506.65#506.945
355;лично;лично;ADV;_;Degree=Pos;_;_;_;@o1984f-words#@o1984f#506.945#507.24
356;у;у;ADP;_;_;_;_;_;@o1984f-words#@o1984f#507.24#507.535
357;меня;я;PRON;_;Case=Gen|Number=Sing|Person=1;_;_;_;@o1984f-words#@o1984f#507.535#507.83
358;так;так;ADV;_;Degree=Pos;_;_;_;@o1984f-words#@o1984f#507.83#508.125
359;произошло;произойти;VERB;_;Aspect=Perf|Gender=Neut|Mood=Ind|Number=Sing|Tense=Past|VerbForm=Fin|Voice=Act;_;_;_;@o1984f-words#@o1984f#508.125#508.42
360;что;что;PRON;_;Case=Acc;_;_;_;@o1984f-words#@o1984f#508.42#508.715
361;/;/;PUNCT;_;_;_;_;_;@o1984f-words#@o1984f#508.715#509.01
362;если;если;SCONJ;_;_;_;_;_;@o1984f-words#@o1984f#509.01#509.305
363;изначально;изначально;ADV;_;Degree=Pos;_;_;_;@o1984f-words#@o1984f#509.305#509.6
364;в;в;ADP;_;_;_;_;_;@o1984f-words#@o1984f#509.6#509.895
365;основном;основное;NOUN;_;Animacy=Inan|Case=Loc|Gender=Neut|Number=Sing;_;_;_;@o1984f-words#@o1984f#509.895#510.19
366;все;весь;DET;_;Case=Nom|Number=Plur;_;_;_;@o1984f-words#@o1984f#510.19#510.485
367;друзья;друг;NOUN;_;Animacy=Anim|Case=Nom|Gender=Masc|Number=Plur;_;_;_;@o1984f-words#@o1984f#510.485#510.78
368;были;быть;AUX;_;Aspect=Imp|Mood=Ind|Number=Plur|Tense=Past|VerbForm=Fin|Voice=Act;_;_;_;@o1984f-words#@o1984f#510.78#511.075
369;ээ;ээ;INTJ;_;_;_;_;_;@o1984f-words#@o1984f#511.075#511.37
370;гетеросексуалы;гетеросексуал;NOUN;_;Animacy=Anim|Case=Nom|Gender=Masc|Number=Plur;_;_;_;@o1984f-words#@o1984f#511.37#511.665
371;/;/;PUNCT;_;_;_;_;_;@o1984f-words#@o1984f#511.665#511.96
372;которые;который;PRON;_;Case=Nom;_;_;_;@o1984f-words#@o1984f#511.96#512.255
373;не;не;PART;_;_;_;_;_;@o1984f-words#@o1984f#512.255#512.55
374;знали;знать;VERB;_;Aspect=Imp|Mood=Ind|Number=Plur|Tense=Past|VerbForm=Fin|Voice=Act;_;_;_;@o1984f-words#@o1984f#512.55#512.845
375;там;там;ADV;_;Degree=Pos;_;_;_;@o1984f-words#@o1984f#512.845#513.14
376;обо;о;ADV;_;Degree=Pos;_;_;_;@o1984f-words#@o1984f#513.14#513.435
377;мне;я;PRON;_;Case=Dat|Number=Sing|Person=1;_;_;_;@o1984f-words#@o1984f#513.435#513.73
378;/;/;PUNCT;_;_;_;_;_;@o1984f-words#@o1984f#513.73#514.025
379;да;да;PART;_;_;_;_;_;@o1984f-words#@o1984f#514.025#514.32
380;/;/;PUNCT;_;_;_;_;_;@o1984f-words#@o1984f#514.32#514.615
381;сейчас;сейчас;ADV;_;Degree=Pos;_;_;_;@o1984f-words#@o1984f#514.615#514.91
382;у;у;ADP;_;_;_;_;_;@o1984f-words#@o1984f#514.91#515.205
383;меня;я;PRON;_;Case=Gen|Number=Sing|Person=1;_;_;_;@o1984f-words#@o1984f#515.205#515.5
384;либо;либо;CCONJ;_;_;_;_;_;@o1984f-words#@o1984f#515.5#515.795
385;гей-френдли;гей-френдли;ADV;_;hgi;_;_;_;@o1984f-words#@o1984f#515.795#516.09
386;исключительно;исключительно;ADV;_;Degree=Pos;_;_;_;@o1984f-words#@o1984f#516.09#516.385
387;гетеросексуалы;гетеросексуал;NOUN;_;Animacy=Anim|Case=Nom|Gender=Masc|Number=Plur;_;_;_;@o1984f-words#@o1984f#516.385#516.68
388;/;/;PUNCT;_;_;_;_;_;@o1984f-words#@o1984f#516.68#516.975
389;либо;либо;CCONJ;_;_;_;_;_;@o1984f-words#@o1984f#516.975#517.27
390;аа;аа;INTJ;_;_;_;_;_;@o1984f-words#@o1984f#517.27#517.565
391;люди;человек;NOUN;_;Animacy=Anim|Case=Nom|Gender=Masc|Number=Plur;_;_;_;@o1984f-words#@o1984f#517.565#517.86
392;в;в;ADP;_;_;_;_;_;@o1984f-words#@o1984f#517.86#518.155
393;теме;тема;NOUN;_;Animacy=Inan|Case=Loc|Gender=Fem|Number=Sing;_;_;_;@o1984f-words#@o1984f#518.155#518.45
394;/;/;PUNCT;_;_;_;_;_;@o1984f-words#@o1984f#518.45#518.745
395;ну;ну;PART;_;_;_;_;_;@o1984f-words#@o1984f#518.745#519.04
396;в;в;ADP;_;_;_;_;_;@o1984f-words#@o1984f#519.04#519.335
397;основном;основной;ADJ;_;Case=Loc|Degree=Pos|Gender=Neut|Number=Sing;_;_;_;@o1984f-words#@o1984f#519.335#519.63
398;девушки;девушка;NOUN;_;Animacy=Anim|Case=Nom|Gender=Fem|Number=Plur;_;_;_;@o1984f-words#@o1984f#519.63#519.96
399;вот;вот;PART;_;_;_;_;_;@o1984f-words#@o1984f#520.66#520.986
400;которые;который;PRON;_;Case=Nom;_;_;_;@o1984f-words#@o1984f#520.986#521.312
401;естественно;естественный;ADJ;_;Degree=Pos|Gender=Neut|Number=Sing|Variant=Short;_;_;_;@o1984f-words#@o1984f#521.312#521.638
402;/;/;PUNCT;_;_;_;_;_;@o1984f-words#@o1984f#521.638#521.964
403;логично;логичный;ADJ;_;Degree=Pos|Gender=Neut|Number=Sing|Variant=Short;_;_;_;@o1984f-words#@o1984f#521.964#522.29
404;очень;очень;ADV;_;Degree=Pos;_;_;_;@o1984f-words#@o1984f#522.29#522.616
405;мм;мм;INTJ;_;_;_;_;_;@o1984f-words#@o1984f#522.616#522.942
406;рады;рад;ADJ;_;Degree=Pos|Number=Plur|Variant=Short;_;_;_;@o1984f-words#@o1984f#522.942#523.268
407;за;за;ADP;_;_;_;_;_;@o1984f-words#@o1984f#523.268#523.594
408;нас;мы;PRON;_;Case=Gen|Number=Plur|Person=1;_;_;_;@o1984f-words#@o1984f#523.594#523.92
409;/;/;PUNCT;_;_;_;_;_;@o1984f-words#@o1984f#523.92#524.246
410;за;за;ADP;_;_;_;_;_;@o1984f-words#@o1984f#524.246#524.572
411;нашу;наш;DET;_;Case=Acc|Gender=Fem|Number=Sing;_;_;_;@o1984f-words#@o1984f#524.572#524.898
412;семью;семья;NOUN;_;Animacy=Inan|Case=Acc|Gender=Fem|Number=Sing;_;_;_;@o1984f-words#@o1984f#524.898#525.224
413;/;/;PUNCT;_;_;_;_;_;@o1984f-words#@o1984f#525.224#525.55
414;за;за;ADP;_;_;_;_;_;@o1984f-words#@o1984f#525.55#525.876
415;то;то;PRON;_;Animacy=Inan|Case=Acc|Gender=Neut|Number=Sing;_;_;_;@o1984f-words#@o1984f#525.876#526.202
416;что;что;SCONJ;_;_;_;_;_;@o1984f-words#@o1984f#526.202#526.528
417;у;у;ADP;_;_;_;_;_;@o1984f-words#@o1984f#526.528#526.854
418;нас;мы;PRON;_;Case=Gen|Number=Plur|Person=1;_;_;_;@o1984f-words#@o1984f#526.854#527.18
419;наконец-то;наконец-то;ADV;_;Degree=Pos;_;_;_;@o1984f-words#@o1984f#527.18#527.506
420;появился;появиться;VERB;_;Aspect=Perf|Gender=Masc|Mood=Ind|Number=Sing|Tense=Past|VerbForm=Fin|Voice=Mid;_;_;_;@o1984f-words#@o1984f#527.506#527.832
421;Максим;Максим;PROPN;_;Animacy=Anim|Case=Nom|Gender=Masc|Number=Sing;_;_;_;@o1984f-words#@o1984f#527.832#528.158
422;/;/;PUNCT;_;_;_;_;_;@o1984f-words#@o1984f#528.158#528.484
423;ээ;ээ;INTJ;_;_;_;_;_;@o1984f-words#@o1984f#528.484#528.81
424;учитывая;учитывать;VERB;_;Aspect=Imp|Tense=Pres|VerbForm=Conv|Voice=Act;_;_;_;@o1984f-words#@o1984f#528.81#529.136
425;что;что;SCONJ;_;_;_;_;_;@o1984f-words#@o1984f#529.136#529.462
426;аудитория;аудитория;NOUN;_;Animacy=Inan|Case=Nom|Gender=Fem|Number=Sing;_;_;_;@o1984f-words#@o1984f#529.462#529.788
427;ээ;ээ;INTJ;_;_;_;_;_;@o1984f-words#@o1984f#529.788#530.114
428;вашего;ваш;DET;_;Case=Gen|Gender=Masc|Number=Sing;_;_;_;@o1984f-words#@o1984f#530.114#530.44
429;канала;канал;NOUN;_;Animacy=Inan|Case=Gen|Gender=Masc|Number=Sing;_;_;_;@o1984f-words#@o1984f#530.44#530.766
430;в;в;ADP;_;_;_;_;_;@o1984f-words#@o1984f#530.766#531.092
431;основном;основное;ADJ;_;Case=Loc|Degree=Pos|Gender=Neut|Number=Sing;_;_;_;@o1984f-words#@o1984f#531.092#531.418
432;молодые;молодой;ADJ;_;Animacy=Inan|Case=Nom|Degree=Pos|Number=Plur;_;_;_;@o1984f-words#@o1984f#531.418#531.744
433;/;/;PUNCT;_;_;_;_;_;@o1984f-words#@o1984f#531.744#532.07
434;как;как;ADV;_;Degree=Pos;_;_;_;@o1984f-words#@o1984f#532.07#532.396
435;бы;бы;PART;_;_;_;_;_;@o1984f-words#@o1984f#532.396#532.722
436;да;да;PART;_;_;_;_;_;@o1984f-words#@o1984f#532.722#533.048
437;ребята;ребята;NOUN;_;Animacy=Anim|Case=Nom|Gender=Neut|Number=Plur;_;_;_;@o1984f-words#@o1984f#533.048#533.374
438;и;и;CCONJ;_;_;_;_;_;@o1984f-words#@o1984f#533.374#533.7
439;девчонки;девчонка;NOUN;_;Animacy=Anim|Case=Nom|Gender=Fem|Number=Plur;_;_;_;@o1984f-words#@o1984f#533.7#534.026
440;я;я;PRON;_;Case=Nom|Number=Sing|Person=1;_;_;_;@o1984f-words#@o1984f#534.026#534.352
441;бы;бы;AUX;_;_;_;_;_;@o1984f-words#@o1984f#534.352#534.678
442;посоветовала;посоветовать;VERB;_;Aspect=Perf|Gender=Fem|Mood=Ind|Number=Sing|Tense=Past|VerbForm=Fin|Voice=Act;_;_;_;@o1984f-words#@o1984f#534.678#535.004
443;наверно;наверно;ADV;_;Degree=Pos;_;_;_;@o1984f-words#@o1984f#535.004#535.33
444;опять;опять;ADV;_;Degree=Pos;_;_;_;@o1984f-words#@o1984f#535.33#535.656
445;же;же;PART;_;_;_;_;_;@o1984f-words#@o1984f#535.656#536.005
446;создать;создать;VERB;_;Aspect=Perf|VerbForm=Inf|Voice=Act;_;_;_;@o1984f-words#@o1984f#536.9#537.205
447;для;для;ADP;_;_;_;_;_;@o1984f-words#@o1984f#537.205#537.51
448;себя;себя;PRON;_;Case=Gen;_;_;_;@o1984f-words#@o1984f#537.51#537.815
449;прежде;прежде;ADP;_;_;_;_;_;@o1984f-words#@o1984f#537.815#538.12
450;всего;все;PRON;_;Animacy=Inan|Case=Gen|Gender=Neut|Number=Sing;_;_;_;@o1984f-words#@o1984f#538.12#538.425
451;комфортную;комфортный;ADJ;_;Case=Acc|Degree=Pos|Gender=Fem|Number=Sing;_;_;_;@o1984f-words#@o1984f#538.425#538.73
452;среду;среда;NOUN;_;Animacy=Inan|Case=Acc|Gender=Fem|Number=Sing;_;_;_;@o1984f-words#@o1984f#538.73#539.035
453;и;и;CCONJ;_;_;_;_;_;@o1984f-words#@o1984f#539.035#539.34
454;ээ;ээ;INTJ;_;_;_;_;_;@o1984f-words#@o1984f#539.34#539.645
455;мне;я;PRON;_;Case=Dat|Number=Sing|Person=1;_;_;_;@o1984f-words#@o1984f#539.645#539.95
456;просто;просто;PART;_;_;_;_;_;@o1984f-words#@o1984f#539.95#540.255
457;непонятно;непонятный;ADJ;_;Degree=Pos|Gender=Neut|Number=Sing|Variant=Short;_;_;_;@o1984f-words#@o1984f#540.255#540.56
458;/;/;PUNCT;_;_;_;_;_;@o1984f-words#@o1984f#540.56#540.865
459;как;как;SCONJ;_;_;_;_;_;@o1984f-words#@o1984f#540.865#541.17
460;есть;быть;VERB;_;Aspect=Imp|Mood=Ind|Number=Sing|Person=3|Tense=Pres|VerbForm=Fin|Voice=Act;_;_;_;@o1984f-words#@o1984f#541.17#541.475
461;у;у;ADP;_;_;_;_;_;@o1984f-words#@o1984f#541.475#541.78
462;людей;человек;NOUN;_;Animacy=Anim|Case=Gen|Gender=Masc|Number=Plur;_;_;_;@o1984f-words#@o1984f#541.78#542.085
463;гетеросексуальные;гетеросексуальный;ADJ;_;Case=Nom|Degree=Pos|Number=Plur;_;_;_;@o1984f-words#@o1984f#542.085#542.39
464;друзья;друг;NOUN;_;Animacy=Anim|Case=Nom|Gender=Masc|Number=Plur;_;_;_;@o1984f-words#@o1984f#542.39#542.695
465;/;/;PUNCT;_;_;_;_;_;@o1984f-words#@o1984f#542.695#543.0
466;которым;который;PRON;_;Case=Dat;_;_;_;@o1984f-words#@o1984f#543.0#543.305
467;ты;ты;PRON;_;Case=Nom|Number=Sing|Person=2;_;_;_;@o1984f-words#@o1984f#543.305#543.61
468;не;не;PART;_;_;_;_;_;@o1984f-words#@o1984f#543.61#543.915
469;можешь;мочь;VERB;_;Aspect=Imp|Mood=Ind|Number=Sing|Person=2|Tense=Pres|VerbForm=Fin|Voice=Act;_;_;_;@o1984f-words#@o1984f#543.915#544.22
470;открыться;открыться;VERB;_;Aspect=Perf|VerbForm=Inf|Voice=Mid;_;_;_;@o1984f-words#@o1984f#544.22#544.525
471;/;/;PUNCT;_;_;_;_;_;@o1984f-words#@o1984f#544.525#544.83
472;и;и;CCONJ;_;_;_;_;_;@o1984f-words#@o1984f#544.83#545.135
473;рассказать;рассказать;VERB;_;Aspect=Perf|VerbForm=Inf|Voice=Act;_;_;_;@o1984f-words#@o1984f#545.135#545.44
474;о;о;ADP;_;_;_;_;_;@o1984f-words#@o1984f#545.44#545.745
475;том;то;PRON;_;Animacy=Inan|Case=Loc|Gender=Neut|Number=Sing;_;_;_;@o1984f-words#@o1984f#545.745#546.05
476;что;что;SCONJ;_;_;_;_;_;@o1984f-words#@o1984f#546.05#546.355
477;ты;ты;PRON;_;Case=Nom|Number=Sing|Person=2;_;_;_;@o1984f-words#@o1984f#546.355#546.66
478;влюблён;влюблённый;VERB;_;Aspect=Perf|Gender=Masc|Number=Sing|Tense=Past|Variant=Short|VerbForm=Part|Voice=Pass;_;_;_;@o1984f-words#@o1984f#546.66#546.965
479;в;в;ADP;_;_;_;_;_;@o1984f-words#@o1984f#546.965#547.27
480;девушку;девушка;NOUN;_;Animacy=Anim|Case=Acc|Gender=Fem|Number=Sing;_;_;_;@o1984f-words#@o1984f#547.27#547.575
481;/;/;PUNCT;_;_;_;_;_;@o1984f-words#@o1984f#547.575#547.88
482;когда;когда;SCONJ;_;_;_;_;_;@o1984f-words#@o1984f#547.88#548.185
483;ты;ты;PRON;_;Case=Nom|Number=Sing|Person=2;_;_;_;@o1984f-words#@o1984f#548.185#548.49
484;сочиняешь;сочинять;VERB;_;Aspect=Imp|Mood=Ind|Number=Sing|Person=2|Tense=Pres|VerbForm=Fin|Voice=Act;_;_;_;@o1984f-words#@o1984f#548.49#548.795
485;/;/;PUNCT;_;_;_;_;_;@o1984f-words#@o1984f#548.795#549.1
486;аа;аа;INTJ;_;_;_;_;_;@o1984f-words#@o1984f#549.1#549.405
487;пытаешься;пытаться;VERB;_;Aspect=Imp|Mood=Ind|Number=Sing|Person=2|Tense=Pres|VerbForm=Fin|Voice=Mid;_;_;_;@o1984f-words#@o1984f#549.405#549.71
488;заменить;заменить;VERB;_;Aspect=Perf|VerbForm=Inf|Voice=Act;_;_;_;@o1984f-words#@o1984f#549.71#550.015
489;женское;женский;ADJ;_;Case=Acc|Degree=Pos|Gender=Neut|Number=Sing;_;_;_;@o1984f-words#@o1984f#550.015#550.32
490;имя;имя;NOUN;_;Animacy=Inan|Case=Acc|Gender=Neut|Number=Sing;_;_;_;@o1984f-words#@o1984f#550.32#550.625
491;на;на;ADP;_;_;_;_;_;@o1984f-words#@o1984f#550.625#550.93
492;мужское;мужской;ADJ;_;Case=Acc|Degree=Pos|Gender=Neut|Number=Sing;_;_;_;@o1984f-words#@o1984f#550.93#551.235
493;ну;н;PART;_;_;_;_;_;@o1984f-words#@o1984f#551.235#551.54
494;/;/;PUNCT;_;_;_;_;_;@o1984f-words#@o1984f#551.54#551.845
495;по;по;ADP;_;_;_;_;_;@o1984f-words#@o1984f#551.845#552.15
496;мне;я;PRON;_;Case=Dat|Number=Sing|Person=1;_;_;_;@o1984f-words#@o1984f#552.15#552.455
497;так;так;ADV;_;Degree=Pos;_;_;_;@o1984f-words#@o1984f#552.455#552.76
498;это;это;PRON;_;Animacy=Inan|Case=Nom|Gender=Neut|Number=Sing;_;_;_;@o1984f-words#@o1984f#552.76#553.065
499;в;в;ADP;_;_;_;_;_;@o1984f-words#@o1984f#553.065#553.37
500;общем-то;общей-то;DET;_;Case=Loc|Gender=Masc|Number=Sing;_;_;_;@o1984f-words#@o1984f#553.37#553.675
501;не;не;PART;_;_;_;_;_;@o1984f-words#@o1984f#553.675#553.98
502;совсем;совсем;ADV;_;Degree=Pos;_;_;_;@o1984f-words#@o1984f#553.98#554.285
503;друг;друг;NOUN;_;Animacy=Anim|Case=Nom|Gender=Masc|Number=Sing;_;_;_;@o1984f-words#@o1984f#554.285#554.59
504;если;если;SCONJ;_;_;_;_;_;@o1984f-words#@o1984f#554.59#554.895
505;ты;ты;PRON;_;Case=Nom|Number=Sing|Person=2;_;_;_;@o1984f-words#@o1984f#554.895#555.2
506;боишься;бояться;VERB;_;Aspect=Imp|Mood=Ind|Number=Sing|Person=2|Tense=Pres|VerbForm=Fin|Voice=Mid;_;_;_;@o1984f-words#@o1984f#555.2#555.505
507;реакции;реакция;NOUN;_;Animacy=Inan|Case=Gen|Gender=Fem|Number=Sing;_;_;_;@o1984f-words#@o1984f#555.505#555.81
508;этого;этот;DET;_;Case=Gen|Gender=Masc|Number=Sing;_;_;_;@o1984f-words#@o1984f#555.81#556.115
509;человека;человек;NOUN;_;Animacy=Anim|Case=Gen|Gender=Masc|Number=Sing;_;_;_;@o1984f-words#@o1984f#556.115#556.42
510;и;и;CCONJ;_;_;_;_;_;@o1984f-words#@o1984f#556.42#556.725
511;если;если;SCONJ;_;_;_;_;_;@o1984f-words#@o1984f#556.725#557.03
512;она;она;PRON;_;Case=Nom|Gender=Fem|Number=Sing|Person=3;_;_;_;@o1984f-words#@o1984f#557.03#557.335
513;тем;то;PRON;_;Animacy=Inan|Case=Ins|Gender=Neut|Number=Sing;_;_;_;@o1984f-words#@o1984f#557.335#557.64
514;более;более;ADV;_;Degree=Cmp;_;_;_;@o1984f-words#@o1984f#557.64#557.945
515;гомофобная;гомофобный;ADJ;_;Case=Nom|Degree=Pos|Gender=Fem|Number=Sing;_;_;_;@o1984f-words#@o1984f#557.945#558.25
516;/;/;PUNCT;_;_;_;_;_;@o1984f-words#@o1984f#558.25#558.555
517;ну;ну;PART;_;_;_;_;_;@o1984f-words#@o1984f#558.555#558.86
518;наверно;наверно;ADV;_;Degree=Pos;_;_;_;@o1984f-words#@o1984f#558.86#559.165
519;вам;вы;PRON;_;Case=Dat|Number=Plur|Person=2;_;_;_;@o1984f-words#@o1984f#559.165#559.47
520;совсем;совсем;ADV;_;Degree=Pos;_;_;_;@o1984f-words#@o1984f#559.47#559.775
521;прям;прям;PART;_;_;_;_;_;@o1984f-words#@o1984f#559.775#560.08
522;не;не;PART;_;_;_;_;_;@o1984f-words#@o1984f#560.08#560.385
523;по;по;ADP;_;_;_;_;_;@o1984f-words#@o1984f#560.385#560.69
524;пути;путь;NOUN;_;Animacy=Inan|Case=Dat|Gender=Masc|Number=Sing;_;_;_;@o1984f-words#@o1984f#560.69#561.0
525;ну;ну;PART;_;_;_;_;_;@o1984f-words#@o1984f#562.0#562.346
526;вот;вот;PART;_;_;_;_;_;@o1984f-words#@o1984f#562.346#562.692
527;а;а;INTJ;_;_;_;_;_;@o1984f-words#@o1984f#562.692#563.038
528;/;/;PUNCT;_;_;_;_;_;@o1984f-words#@o1984f#563.038#563.384
529;тем;то;PRON;_;Animacy=Inan|Case=Ins|Gender=Neut|Number=Sing;_;_;_;@o1984f-words#@o1984f#563.384#563.73
530;более;более;ADV;_;Degree=Cmp;_;_;_;@o1984f-words#@o1984f#563.73#564.076
531;если;если;SCONJ;_;_;_;_;_;@o1984f-words#@o1984f#564.076#564.422
532;говорить;говорить;VERB;_;Aspect=Imp|VerbForm=Inf|Voice=Act;_;_;_;@o1984f-words#@o1984f#564.422#564.768
533;про;про;ADP;_;_;_;_;_;@o1984f-words#@o1984f#564.768#565.114
534;Москву;Москва;PROPN;_;Animacy=Inan|Case=Acc|Gender=Fem|Number=Sing;_;_;_;@o1984f-words#@o1984f#565.114#565.46
535;например;например;ADV;_;Degree=Pos;_;_;_;@o1984f-words#@o1984f#565.46#565.806
536;/;/;PUNCT;_;_;_;_;_;@o1984f-words#@o1984f#565.806#566.152
537;мы;мы;PRON;_;Case=Nom|Number=Plur|Person=1;_;_;_;@o1984f-words#@o1984f#566.152#566.498
538;когда;когда;SCONJ;_;_;_;_;_;@o1984f-words#@o1984f#566.498#566.844
539;познакомились;познакомиться;VERB;_;Aspect=Perf|Mood=Ind|Number=Plur|Tense=Past|VerbForm=Fin|Voice=Mid;_;_;_;@o1984f-words#@o1984f#566.844#567.19
540;с;с;ADP;_;_;_;_;_;@o1984f-words#@o1984f#567.19#567.536
541;девчонками;девчонка;NOUN;_;Animacy=Anim|Case=Ins|Gender=Fem|Number=Plur;_;_;_;@o1984f-words#@o1984f#567.536#567.882
542;мы;мы;PRON;_;Case=Nom|Number=Plur|Person=1;_;_;_;@o1984f-words#@o1984f#567.882#568.228
543;вообще;вообще;ADV;_;Degree=Pos;_;_;_;@o1984f-words#@o1984f#568.228#568.574
544;обалдели;обалдеть;VERB;_;Aspect=Perf|Mood=Ind|Number=Plur|Tense=Past|VerbForm=Fin|Voice=Act;_;_;_;@o1984f-words#@o1984f#568.574#568.92
545;/;/;PUNCT;_;_;_;_;_;@o1984f-words#@o1984f#568.92#569.266
546;такое;такой;DET;_;Case=Nom|Gender=Neut|Number=Sing;_;_;_;@o1984f-words#@o1984f#569.266#569.612
547;огромное;огромный;ADJ;_;Case=Nom|Degree=Pos|Gender=Neut|Number=Sing;_;_;_;@o1984f-words#@o1984f#569.612#569.958
548;количество;количество;NOUN;_;Animacy=Inan|Case=Nom|Gender=Neut|Number=Sing;_;_;_;@o1984f-words#@o1984f#569.958#570.304
549;/;/;PUNCT;_;_;_;_;_;@o1984f-words#@o1984f#570.304#570.65
550;ребят;ребята;NOUN;_;Animacy=Anim|Case=Gen|Gender=Neut|Number=Plur;_;_;_;@o1984f-words#@o1984f#570.65#570.996
551;и…;и;CCONJ;_;_;_;_;_;@o1984f-words#@o1984f#570.996#571.342
552;и;и;CCONJ;_;_;_;_;_;@o1984f-words#@o1984f#571.342#571.688
553;гетеросексуалов;гетеросексуал;NOUN;_;Animacy=Anim|Case=Gen|Gender=Masc|Number=Plur;_;_;_;@o1984f-words#@o1984f#571.688#572.034
554;/;/;PUNCT;_;_;_;_;_;@o1984f-words#@o1984f#572.034#572.38
555;и;и;CCONJ;_;_;_;_;_;@o1984f-words#@o1984f#572.38#572.726
556;не;не;PART;_;_;_;_;_;@o1984f-words#@o1984f#572.726#573.072
557;обязательно;обязательно;ADV;_;Degree=Pos;_;_;_;@o1984f-words#@o1984f#573.072#573.418
558;и;и;CCONJ;_;_;_;_;_;@o1984f-words#@o1984f#573.418#573.764
559;/;/;PUNCT;_;_;_;_;_;@o1984f-words#@o1984f#573.764#574.11
560;все;все;PRON;_;Animacy=Inan|Case=Nom|Gender=Neut|Number=Sing;_;_;_;@o1984f-words#@o1984f#574.11#574.456
561;в;в;ADP;_;_;_;_;_;@o1984f-words#@o1984f#574.456#574.802
562;восторге;восторг;NOUN;_;Animacy=Inan|Case=Loc|Gender=Masc|Number=Sing;_;_;_;@o1984f-words#@o1984f#574.802#575.148
563;/;/;PUNCT;_;_;_;_;_;@o1984f-words#@o1984f#575.148#575.494
564;все;все;DET;_;Case=Nom|Number=Plur;_;_;_;@o1984f-words#@o1984f#575.494#575.84
565;довольны;довольный;ADJ;_;Degree=Pos|Number=Plur|Variant=Short;_;_;_;@o1984f-words#@o1984f#575.84#576.186
566;/;/;PUNCT;_;_;_;_;_;@o1984f-words#@o1984f#576.186#576.532
567;и;и;CCONJ;_;_;_;_;_;@o1984f-words#@o1984f#576.532#576.878
568;не…;не…;X;_;_;_;_;_;@o1984f-words#@o1984f#576.878#577.224
569;совершенно;совершенно;ADV;_;Degree=Pos;_;_;_;@o1984f-words#@o1984f#577.224#577.57
570;небольшое;небольшой;ADJ;_;Case=Nom|Degree=Pos|Gender=Neut|Number=Sing;_;_;_;@o1984f-words#@o1984f#577.57#577.916
571;вроде;вроде;ADV;_;Degree=Pos;_;_;_;@o1984f-words#@o1984f#577.916#578.262
572;как;как;SCONJ;_;_;_;_;_;@o1984f-words#@o1984f#578.262#578.608
573;количество;количество;NOUN;_;Animacy=Inan|Case=Nom|Gender=Neut|Number=Sing;_;_;_;@o1984f-words#@o1984f#578.608#578.954
574;каких-то;какой-то;DET;_;Case=Gen|Number=Plur;_;_;_;@o1984f-words#@o1984f#578.954#579.3
575;гомофобных;гомофобный;ADJ;_;Case=Gen|Degree=Pos|Number=Plur;_;_;_;@o1984f-words#@o1984f#579.3#579.646
576;комментариев;комментарий;NOUN;_;Animacy=Inan|Case=Gen|Gender=Masc|Number=Plur;_;_;_;@o1984f-words#@o1984f#579.646#579.992
577;да;да;PART;_;_;_;_;_;@o1984f-words#@o1984f#579.992#580.338
578;/;/;PUNCT;_;_;_;_;_;@o1984f-words#@o1984f#580.338#580.684
579;как;как;SCONJ;_;_;_;_;_;@o1984f-words#@o1984f#580.684#581.03
580;вы;вы;PRON;_;Case=Nom|Number=Plur|Person=2;_;_;_;@o1984f-words#@o1984f#581.03#581.376
581;нам;мы;PRON;_;Case=Dat|Number=Plur|Person=1;_;_;_;@o1984f-words#@o1984f#581.376#581.722
582;объяснили;объяснить;VERB;_;Aspect=Perf|Mood=Ind|Number=Plur|Tense=Past|VerbForm=Fin|Voice=Act;_;_;_;@o1984f-words#@o1984f#581.722#582.125
583;это;это;PRON;_;Animacy=Inan|Case=Nom|Gender=Neut|Number=Sing;_;_;_;@o1984f-words#@o1984f#582.525#582.775
584;был;быть;AUX;_;Aspect=Imp|Gender=Masc|Mood=Ind|Number=Sing|Tense=Past|VerbForm=Fin|Voice=Act;_;_;_;@o1984f-words#@o1984f#582.775#583.025
585;прям;прям;PART;_;_;_;_;_;@o1984f-words#@o1984f#583.025#583.275
586;/;/;PUNCT;_;_;_;_;_;@o1984f-words#@o1984f#583.275#583.525
587;разрыв;разрыв;NOUN;_;Animacy=Inan|Case=Nom|Gender=Masc|Number=Sing;_;_;_;@o1984f-words#@o1984f#583.525#583.775
588;шаблонов;шаблон;NOUN;_;Animacy=Inan|Case=Gen|Gender=Masc|Number=Plur;_;_;_;@o1984f-words#@o1984f#583.775#584.025
589;на;на;ADP;_;_;_;_;_;@o1984f-words#@o1984f#584.025#584.275
590;самом;самый;ADJ;_;Case=Loc|Degree=Pos|Gender=Neut|Number=Sing;_;_;_;@o1984f-words#@o1984f#584.275#584.525
591;деле;дело;NOUN;_;Animacy=Inan|Case=Loc|Gender=Neut|Number=Sing;_;_;_;@o1984f-words#@o1984f#584.525#584.775
592;мы;мы;PRON;_;Case=Nom|Number=Plur|Person=1;_;_;_;@o1984f-words#@o1984f#584.775#585.025
593;думали;думать;VERB;_;Aspect=Imp|Mood=Ind|Number=Plur|Tense=Past|VerbForm=Fin|Voice=Act;_;_;_;@o1984f-words#@o1984f#585.025#585.275
594;что;что;SCONJ;_;_;_;_;_;@o1984f-words#@o1984f#585.275#585.525
595;в;в;ADP;_;_;_;_;_;@o1984f-words#@o1984f#585.525#585.775
596;России;Россия;PROPN;_;Animacy=Inan|Case=Loc|Gender=Fem|Number=Sing;_;_;_;@o1984f-words#@o1984f#585.775#586.03
597;да;да;PART;_;_;_;_;_;@o1984f-words#@o1984f#587.81#588.0
598;однозначно;однозначно;ADV;_;Degree=Pos;_;_;_;@o1984f-words#@o1984f#589.13#589.408
599;/;/;PUNCT;_;_;_;_;_;@o1984f-words#@o1984f#589.408#589.686
600;которым…;которым;DET;_;Case=Gen|Gender=Masc|Number=Sing;_;_;_;@o1984f-words#@o1984f#589.686#589.964
601;которым;который;DET;_;Case=Gen|Gender=Masc|Number=Sing;_;_;_;@o1984f-words#@o1984f#589.964#590.242
602;мы;мы;PRON;_;Case=Nom|Number=Plur|Person=1;_;_;_;@o1984f-words#@o1984f#590.242#590.52
603;сами;сам;PRON;_;Case=Nom|Degree=Pos|Number=Plur;_;_;_;@o1984f-words#@o1984f#590.52#590.798
604;в;в;ADP;_;_;_;_;_;@o1984f-words#@o1984f#590.798#591.076
605;общем-то;общей-то;DET;_;Case=Loc|Gender=Masc|Number=Sing;_;_;_;@o1984f-words#@o1984f#591.076#591.354
606;страдали;страдать;VERB;_;Aspect=Imp|Mood=Ind|Number=Plur|Tense=Past|VerbForm=Fin|Voice=Act;_;_;_;@o1984f-words#@o1984f#591.354#591.632
607;и;и;CCONJ;_;_;_;_;_;@o1984f-words#@o1984f#591.632#591.91
608;заболевали;заболевать;VERB;_;Aspect=Imp|Mood=Ind|Number=Plur|Tense=Past|VerbForm=Fin|Voice=Act;_;_;_;@o1984f-words#@o1984f#591.91#592.188
609;да;да;PART;_;_;_;_;_;@o1984f-words#@o1984f#592.188#592.466
610;пока;пока;ADV;_;Degree=Pos;_;_;_;@o1984f-words#@o1984f#592.466#592.744
611;не;не;PART;_;_;_;_;_;@o1984f-words#@o1984f#592.744#593.022
612;познакомились;познакомиться;VERB;_;Aspect=Perf|Mood=Ind|Number=Plur|Tense=Past|VerbForm=Fin|Voice=Mid;_;_;_;@o1984f-words#@o1984f#593.022#593.3
613;с;с;ADP;_;_;_;_;_;@o1984f-words#@o1984f#593.3#593.578
614;вами;вы;PRON;_;Case=Ins|Number=Plur|Person=2;_;_;_;@o1984f-words#@o1984f#593.578#593.856
615;я;я;PRON;_;Case=Nom|Number=Sing|Person=1;_;_;_;@o1984f-words#@o1984f#593.856#594.134
616;помню;помнить;VERB;_;Aspect=Imp|Mood=Ind|Number=Sing|Person=1|Tense=Pres|VerbForm=Fin|Voice=Act;_;_;_;@o1984f-words#@o1984f#594.134#594.412
617;мы;мы;PRON;_;Case=Nom|Number=Plur|Person=1;_;_;_;@o1984f-words#@o1984f#594.412#594.69
618;вас;вы;PRON;_;Case=Acc|Number=Plur|Person=2;_;_;_;@o1984f-words#@o1984f#594.69#594.968
619;проводили;проводить;VERB;_;Aspect=Perf|Mood=Ind|Number=Plur|Tense=Past|VerbForm=Fin|Voice=Act;_;_;_;@o1984f-words#@o1984f#594.968#595.246
620;когда;когда;ADV;_;Degree=Pos;_;_;_;@o1984f-words#@o1984f#595.246#595.524
621;/;/;PUNCT;_;_;_;_;_;@o1984f-words#@o1984f#595.524#595.802
622;и;и;PART;_;_;_;_;_;@o1984f-words#@o1984f#595.802#596.08
623;я;я;PRON;_;Case=Nom|Number=Sing|Person=1;_;_;_;@o1984f-words#@o1984f#596.08#596.358
624;такая;такой;DET;_;Case=Nom|Gender=Fem|Number=Sing;_;_;_;@o1984f-words#@o1984f#596.358#596.636
625;села;сесть;VERB;_;Aspect=Perf|Gender=Fem|Mood=Ind|Number=Sing|Tense=Past|VerbForm=Fin|Voice=Act;_;_;_;@o1984f-words#@o1984f#596.636#596.914
626;и;и;CCONJ;_;_;_;_;_;@o1984f-words#@o1984f#596.914#597.192
627;думаю;думать;VERB;_;Aspect=Imp|Mood=Ind|Number=Sing|Person=1|Tense=Pres|VerbForm=Fin|Voice=Act;_;_;_;@o1984f-words#@o1984f#597.192#597.47
628;/;/;PUNCT;_;_;_;_;_;@o1984f-words#@o1984f#597.47#597.748
629;ну;ну;PART;_;_;_;_;_;@o1984f-words#@o1984f#597.748#598.026
630;офигеть;офигеть;INTJ;_;_;_;_;_;@o1984f-words#@o1984f#598.026#598.304
631;/;/;PUNCT;_;_;_;_;_;@o1984f-words#@o1984f#598.304#598.582
632;они;они;PRON;_;Case=Nom|Number=Plur|Person=3;_;_;_;@o1984f-words#@o1984f#598.582#598.86
633;живут;жить;VERB;_;Aspect=Imp|Mood=Ind|Number=Plur|Person=3|Tense=Pres|VerbForm=Fin|Voice=Act;_;_;_;@o1984f-words#@o1984f#598.86#599.138
634;спокойно;спокойно;ADV;_;Degree=Pos;_;_;_;@o1984f-words#@o1984f#599.138#599.416
635;они;они;PRON;_;Case=Nom|Number=Plur|Person=3;_;_;_;@o1984f-words#@o1984f#599.416#599.694
636;не;не;PART;_;_;_;_;_;@o1984f-words#@o1984f#599.694#599.972
637;прячутся;прятаться;VERB;_;Aspect=Imp|Mood=Ind|Number=Plur|Person=3|Tense=Pres|VerbForm=Fin|Voice=Mid;_;_;_;@o1984f-words#@o1984f#599.972#600.25
638;/;/;PUNCT;_;_;_;_;_;@o1984f-words#@o1984f#600.25#600.528
639;у;у;ADP;_;_;_;_;_;@o1984f-words#@o1984f#600.528#600.806
640;них;они;PRON;_;Case=Gen|Number=Plur|Person=3;_;_;_;@o1984f-words#@o1984f#600.806#601.084
641;огромный;огромный;ADJ;_;Case=Nom|Degree=Pos|Gender=Masc|Number=Sing;_;_;_;@o1984f-words#@o1984f#601.084#601.362
642;э;э;INTJ;_;_;_;_;_;@o1984f-words#@o1984f#601.362#601.64
643;канал;канал;NOUN;_;Animacy=Inan|Case=Nom|Gender=Masc|Number=Sing;_;_;_;@o1984f-words#@o1984f#601.64#601.918
644;/;/;PUNCT;_;_;_;_;_;@o1984f-words#@o1984f#601.918#602.196
645;огромная;огромный;ADJ;_;Case=Nom|Degree=Pos|Gender=Fem|Number=Sing;_;_;_;@o1984f-words#@o1984f#602.196#602.474
646;аудитория;аудитория;NOUN;_;Animacy=Inan|Case=Nom|Gender=Fem|Number=Sing;_;_;_;@o1984f-words#@o1984f#602.474#602.752
647;и;и;CCONJ;_;_;_;_;_;@o1984f-words#@o1984f#602.752#603.03
648;у;у;ADP;_;_;_;_;_;@o1984f-words#@o1984f#603.03#603.308
649;них;они;PRON;_;Case=Gen|Number=Plur|Person=3;_;_;_;@o1984f-words#@o1984f#603.308#603.586
650;вообще;вообще;ADV;_;Degree=Pos;_;_;_;@o1984f-words#@o1984f#603.586#603.864
651;всё;все;PRON;_;Animacy=Inan|Case=Acc|Gender=Neut|Number=Sing;_;_;_;@o1984f-words#@o1984f#603.864#604.142
652;так;так;ADV;_;Degree=Pos;_;_;_;@o1984f-words#@o1984f#604.142#604.42
653;круто;круто;ADV;_;Degree=Pos;_;_;_;@o1984f-words#@o1984f#604.42#604.72
654;но;но;CCONJ;_;_;_;_;_;@o1984f-words#@o1984f#605.0#605.263
655;опять;опять;ADV;_;Degree=Pos;_;_;_;@o1984f-words#@o1984f#605.263#605.526
656;же;же;PART;_;_;_;_;_;@o1984f-words#@o1984f#605.526#605.789
657;/;/;PUNCT;_;_;_;_;_;@o1984f-words#@o1984f#605.789#606.052
658;я;я;PRON;_;Case=Nom|Number=Sing|Person=1;_;_;_;@o1984f-words#@o1984f#606.052#606.315
659;вас;вы;PRON;_;Case=Acc|Number=Plur|Person=2;_;_;_;@o1984f-words#@o1984f#606.315#606.578
660;уверяю;уверять;VERB;_;Aspect=Imp|Mood=Ind|Number=Sing|Person=1|Tense=Pres|VerbForm=Fin|Voice=Act;_;_;_;@o1984f-words#@o1984f#606.578#606.841
661;/;/;PUNCT;_;_;_;_;_;@o1984f-words#@o1984f#606.841#607.104
662;если;если;SCONJ;_;_;_;_;_;@o1984f-words#@o1984f#607.104#607.367
663;вы;вы;PRON;_;Case=Nom|Number=Plur|Person=2;_;_;_;@o1984f-words#@o1984f#607.367#607.63
664;поговорите;поговорить;VERB;_;Aspect=Perf|Mood=Ind|Number=Plur|Person=2|Tense=Fut|VerbForm=Fin|Voice=Act;_;_;_;@o1984f-words#@o1984f#607.63#607.893
665;с;с;ADP;_;_;_;_;_;@o1984f-words#@o1984f#607.893#608.156
666;представителями;представитель;NOUN;_;Animacy=Anim|Case=Ins|Gender=Masc|Number=Plur;_;_;_;@o1984f-words#@o1984f#608.156#608.419
667;лгбт-сообщества;лгбт-сообщество;NOUN;_;Animacy=Inan|Case=Gen|Gender=Neut|Number=Sing;_;_;_;@o1984f-words#@o1984f#608.419#608.682
668;/;/;PUNCT;_;_;_;_;_;@o1984f-words#@o1984f#608.682#608.945
669;русского;русский;ADJ;_;Case=Gen|Degree=Pos|Gender=Neut|Number=Sing;_;_;_;@o1984f-words#@o1984f#608.945#609.208
670;/;/;PUNCT;_;_;_;_;_;@o1984f-words#@o1984f#609.208#609.471
671;тридцать;тридцать;NUM;_;Case=Nom;_;_;_;@o1984f-words#@o1984f#609.471#609.734
672;пять;пять;NUM;_;Case=Nom;_;_;_;@o1984f-words#@o1984f#609.734#609.997
673;плюс;плюс;ADP;_;_;_;_;_;@o1984f-words#@o1984f#609.997#610.26
674;то;то;PRON;_;Animacy=Inan|Case=Acc|Gender=Neut|Number=Sing;_;_;_;@o1984f-words#@o1984f#611.1#611.39
675;они;они;PRON;_;Case=Nom|Number=Plur|Person=3;_;_;_;@o1984f-words#@o1984f#611.39#611.68
676;вам;вы;PRON;_;Case=Dat|Number=Plur|Person=2;_;_;_;@o1984f-words#@o1984f#611.68#611.97
677;расскажут;рассказать;VERB;_;Aspect=Perf|Mood=Ind|Number=Plur|Person=3|Tense=Fut|VerbForm=Fin|Voice=Act;_;_;_;@o1984f-words#@o1984f#611.97#612.26
678;совершенно;совершенно;ADV;_;Degree=Pos;_;_;_;@o1984f-words#@o1984f#612.26#612.55
679;другую;другой;ADJ;_;Case=Acc|Degree=Pos|Gender=Fem|Number=Sing;_;_;_;@o1984f-words#@o1984f#612.55#612.84
680;точку;точка;NOUN;_;Animacy=Inan|Case=Acc|Gender=Fem|Number=Sing;_;_;_;@o1984f-words#@o1984f#612.84#613.13
681;зрения;зрение;NOUN;_;Animacy=Inan|Case=Gen|Gender=Neut|Number=Sing;_;_;_;@o1984f-words#@o1984f#613.13#613.42
682;/;/;PUNCT;_;_;_;_;_;@o1984f-words#@o1984f#613.42#613.71
683;они;они;PRON;_;Case=Nom|Number=Plur|Person=3;_;_;_;@o1984f-words#@o1984f#613.71#614.0
684;конечно;конечно;ADV;_;Degree=Pos;_;_;_;@o1984f-words#@o1984f#614.0#614.29
685;жи[нрзб];жи[нрзб];X;_;_;_;_;_;@o1984f-words#@o1984f#614.29#614.58
686;немножко;немножко;ADV;_;Degree=Pos;_;_;_;@o1984f-words#@o1984f#614.58#614.87
687;в;в;ADP;_;_;_;_;_;@o1984f-words#@o1984f#614.87#615.16
688;другой;другой;ADJ;_;Case=Loc|Degree=Pos|Gender=Fem|Number=Sing;_;_;_;@o1984f-words#@o1984f#615.16#615.45
689;стране;страна;NOUN;_;Animacy=Inan|Case=Loc|Gender=Fem|Number=Sing;_;_;_;@o1984f-words#@o1984f#615.45#615.75
690;ну;ну;PART;_;_;_;_;_;@o1984f-words#@o1984f#616.51#616.762
691;/;/;PUNCT;_;_;_;_;_;@o1984f-words#@o1984f#616.762#617.014
692;все;весь;DET;_;Case=Nom|Number=Plur;_;_;_;@o1984f-words#@o1984f#617.014#617.266
693;прям;прям;PART;_;_;_;_;_;@o1984f-words#@o1984f#617.266#617.518
694;плохо;плохо;ADV;_;Degree=Pos;_;_;_;@o1984f-words#@o1984f#617.518#617.77
695;если;если;SCONJ;_;_;_;_;_;@o1984f-words#@o1984f#617.77#618.022
696;их;они;PRON;_;Case=Acc|Number=Plur|Person=3;_;_;_;@o1984f-words#@o1984f#618.022#618.274
697;послушать;послушать;VERB;_;Aspect=Perf|VerbForm=Inf|Voice=Act;_;_;_;@o1984f-words#@o1984f#618.274#618.526
698;/;/;PUNCT;_;_;_;_;_;@o1984f-words#@o1984f#618.526#618.778
699;бегите;бегать;VERB;_;Aspect=Imp|Mood=Imp|Number=Plur|Person=2|VerbForm=Fin|Voice=Act;_;_;_;@o1984f-words#@o1984f#618.778#619.03
700;быстрее;быстро;ADV;_;Degree=Cmp;_;_;_;@o1984f-words#@o1984f#619.03#619.282
701;там;там;ADV;_;Degree=Pos;_;_;_;@o1984f-words#@o1984f#619.282#619.534
702;/;/;PUNCT;_;_;_;_;_;@o1984f-words#@o1984f#619.534#619.786
703;и;и;CCONJ;_;_;_;_;_;@o1984f-words#@o1984f#619.786#620.038
704;так;так;ADV;_;Degree=Pos;_;_;_;@o1984f-words#@o1984f#620.038#620.29
705;далее;далее;ADV;_;Degree=Pos;_;_;_;@o1984f-words#@o1984f#620.29#620.55
706;наверно;наверно;ADV;_;Degree=Pos;_;_;_;@o1984f-words#@o1984f#621.71#622.024
707;время;время;NOUN;_;Animacy=Inan|Case=Nom|Gender=Neut|Number=Sing;_;_;_;@o1984f-words#@o1984f#622.024#622.338
708;идёт;идти;VERB;_;Aspect=Imp|Mood=Ind|Number=Sing|Person=3|Tense=Pres|VerbForm=Fin|Voice=Act;_;_;_;@o1984f-words#@o1984f#622.338#622.652
709;всё;все;DET;_;Case=Nom|Gender=Neut|Number=Sing;_;_;_;@o1984f-words#@o1984f#622.652#622.966
710;меняется;меняться;VERB;_;Aspect=Imp|Mood=Ind|Number=Sing|Person=3|Tense=Pres|VerbForm=Fin|Voice=Mid;_;_;_;@o1984f-words#@o1984f#622.966#623.28
711;и;и;CCONJ;_;_;_;_;_;@o1984f-words#@o1984f#623.28#623.594
712;всё-таки;всё-таки;PART;_;_;_;_;_;@o1984f-words#@o1984f#623.594#623.908
713;#одновременно#;#одновременно#;X;_;_;_;_;_;@o1984f-words#@o1984f#623.908#624.222
714;с;с;ADP;_;_;_;_;_;@o1984f-words#@o1984f#624.222#624.536
715;давлением;давление;NOUN;_;Animacy=Inan|Case=Ins|Gender=Neut|Number=Sing;_;_;_;@o1984f-words#@o1984f#624.536#624.85
716;не;не;PART;_;_;_;_;_;@o1984f-words#@o1984f#624.85#625.164
717;сталкивались;сталкиваться;VERB;_;Aspect=Imp|Mood=Ind|Number=Plur|Tense=Past|VerbForm=Fin|Voice=Mid;_;_;_;@o1984f-words#@o1984f#625.164#625.478
718;/;/;PUNCT;_;_;_;_;_;@o1984f-words#@o1984f#625.478#625.792
719;возвращаясь;возвращаться;VERB;_;Aspect=Imp|Tense=Pres|VerbForm=Conv|Voice=Mid;_;_;_;@o1984f-words#@o1984f#625.792#626.106
720;к;к;ADP;_;_;_;_;_;@o1984f-words#@o1984f#626.106#626.42
721;вопросу;вопрос;NOUN;_;Animacy=Inan|Case=Dat|Gender=Masc|Number=Sing;_;_;_;@o1984f-words#@o1984f#626.42#626.74
722;ну;ну;PART;_;_;_;_;_;@o1984f-words#@o1984f#630.2#630.418
723;вот;вот;PART;_;_;_;_;_;@o1984f-words#@o1984f#630.418#630.636
724;мы;мы;PRON;_;Case=Nom|Number=Plur|Person=1;_;_;_;@o1984f-words#@o1984f#630.636#630.854
725;с;с;ADP;_;_;_;_;_;@o1984f-words#@o1984f#630.854#631.072
726;Сашей;Саша;PROPN;_;Animacy=Anim|Case=Ins|Gender=Fem|Number=Sing;_;_;_;@o1984f-words#@o1984f#631.072#631.29
727;разговаривали;разговаривать;VERB;_;Aspect=Imp|Mood=Ind|Number=Plur|Tense=Past|VerbForm=Fin|Voice=Act;_;_;_;@o1984f-words#@o1984f#631.29#631.508
728;на;на;ADP;_;_;_;_;_;@o1984f-words#@o1984f#631.508#631.726
729;эту;этот;DET;_;Case=Acc|Gender=Fem|Number=Sing;_;_;_;@o1984f-words#@o1984f#631.726#631.944
730;тему;тема;NOUN;_;Animacy=Inan|Case=Acc|Gender=Fem|Number=Sing;_;_;_;@o1984f-words#@o1984f#631.944#632.17
731;аа;аа;INTJ;_;_;_;_;_;@o1984f-words#@o1984f#632.57#632.923
732;что;что;PRON;_;Case=Nom;_;_;_;@o1984f-words#@o1984f#632.923#633.276
733;/;/;PUNCT;_;_;_;_;_;@o1984f-words#@o1984f#633.276#633.629
734;однозначно;однозначно;ADV;_;Degree=Pos;_;_;_;@o1984f-words#@o1984f#633.629#633.982
735;общество;общество;NOUN;_;Animacy=Inan|Case=Nom|Gender=Neut|Number=Sing;_;_;_;@o1984f-words#@o1984f#633.982#634.335
736;в;в;ADP;_;_;_;_;_;@o1984f-words#@o1984f#634.335#634.688
737;принципе;принцип;NOUN;_;Animacy=Inan|Case=Loc|Gender=Masc|Number=Sing;_;_;_;@o1984f-words#@o1984f#634.688#635.041
738;не;не;PART;_;_;_;_;_;@o1984f-words#@o1984f#635.041#635.394
739;готово;готовый;ADJ;_;Degree=Pos|Gender=Neut|Number=Sing|Variant=Short;_;_;_;@o1984f-words#@o1984f#635.394#635.747
740;/;/;PUNCT;_;_;_;_;_;@o1984f-words#@o1984f#635.747#636.1
741;вот;вот;PART;_;_;_;_;_;@o1984f-words#@o1984f#636.1#636.453
742;это;это;PRON;_;Animacy=Inan|Case=Nom|Gender=Neut|Number=Sing;_;_;_;@o1984f-words#@o1984f#636.453#636.806
743;вот;вот;PART;_;_;_;_;_;@o1984f-words#@o1984f#636.806#637.159
744;советское;советский;ADJ;_;Case=Nom|Degree=Pos|Gender=Neut|Number=Sing;_;_;_;@o1984f-words#@o1984f#637.159#637.512
745;наследие;наследие;NOUN;_;Animacy=Inan|Case=Nom|Gender=Neut|Number=Sing;_;_;_;@o1984f-words#@o1984f#637.512#637.865
746;которое;который;PRON;_;Case=Nom;_;_;_;@o1984f-words#@o1984f#637.865#638.218
747;тоже;тоже;PART;_;_;_;_;_;@o1984f-words#@o1984f#638.218#638.571
748;сыграло;сыграть;VERB;_;Aspect=Perf|Gender=Neut|Mood=Ind|Number=Sing|Tense=Past|VerbForm=Fin|Voice=Act;_;_;_;@o1984f-words#@o1984f#638.571#638.924
749;свою;свой;DET;_;Case=Acc|Gender=Fem|Number=Sing;_;_;_;@o1984f-words#@o1984f#638.924#639.277
750;роль;роль;NOUN;_;Animacy=Inan|Case=Acc|Gender=Fem|Number=Sing;_;_;_;@o1984f-words#@o1984f#639.277#639.63
751;/;/;PUNCT;_;_;_;_;_;@o1984f-words#@o1984f#639.63#639.983
752;и;и;CCONJ;_;_;_;_;_;@o1984f-words#@o1984f#639.983#640.336
753;/;/;PUNCT;_;_;_;_;_;@o1984f-words#@o1984f#640.336#640.689
754;ну;ну;PART;_;_;_;_;_;@o1984f-words#@o1984f#640.689#641.042
755;сами;сам;PRON;_;Case=Nom|Degree=Pos|Number=Plur;_;_;_;@o1984f-words#@o1984f#641.042#641.395
756;подумайте;подумать;VERB;_;Aspect=Perf|Mood=Imp|Number=Plur|Person=2|VerbForm=Fin|Voice=Act;_;_;_;@o1984f-words#@o1984f#641.395#641.748
757;сейчас;сейчас;ADV;_;Degree=Pos;_;_;_;@o1984f-words#@o1984f#641.748#642.101
758;у;у;ADP;_;_;_;_;_;@o1984f-words#@o1984f#642.101#642.454
759;власти;власть;NOUN;_;Animacy=Inan|Case=Gen|Gender=Fem|Number=Sing;_;_;_;@o1984f-words#@o1984f#642.454#642.807
760;люди;человек;NOUN;_;Animacy=Anim|Case=Nom|Gender=Masc|Number=Plur;_;_;_;@o1984f-words#@o1984f#642.807#643.16
761;/;/;PUNCT;_;_;_;_;_;@o1984f-words#@o1984f#643.16#643.513
762;родом;род;NOUN;_;Animacy=Inan|Case=Ins|Gender=Masc|Number=Sing;_;_;_;@o1984f-words#@o1984f#643.513#643.866
763;из;из;ADP;_;_;_;_;_;@o1984f-words#@o1984f#643.866#644.219
764;советского;советский;ADJ;_;Case=Gen|Degree=Pos|Gender=Masc|Number=Sing;_;_;_;@o1984f-words#@o1984f#644.219#644.572
765;союза;союз;NOUN;_;Animacy=Inan|Case=Gen|Gender=Masc|Number=Sing;_;_;_;@o1984f-words#@o1984f#644.572#644.925
766;/;/;PUNCT;_;_;_;_;_;@o1984f-words#@o1984f#644.925#645.278
767;и;и;CCONJ;_;_;_;_;_;@o1984f-words#@o1984f#645.278#645.631
768;они;они;PRON;_;Case=Nom|Number=Plur|Person=3;_;_;_;@o1984f-words#@o1984f#645.631#645.984
769;со;с;ADP;_;_;_;_;_;@o1984f-words#@o1984f#645.984#646.337
770;своими;свой;DET;_;Case=Ins|Number=Plur;_;_;_;@o1984f-words#@o1984f#646.337#646.69
771;ценностями;ценность;NOUN;_;Animacy=Inan|Case=Ins|Gender=Fem|Number=Plur;_;_;_;@o1984f-words#@o1984f#646.69#647.043
772;с;с;ADP;_;_;_;_;_;@o1984f-words#@o1984f#647.043#647.396
773;которыми;который;PRON;_;Case=Ins;_;_;_;@o1984f-words#@o1984f#647.396#647.749
774;они;они;PRON;_;Case=Nom|Number=Plur|Person=3;_;_;_;@o1984f-words#@o1984f#647.749#648.102
775;выросли;вырасти;VERB;_;Aspect=Perf|Mood=Ind|Number=Plur|Tense=Past|VerbForm=Fin|Voice=Act;_;_;_;@o1984f-words#@o1984f#648.102#648.455
776;/;/;PUNCT;_;_;_;_;_;@o1984f-words#@o1984f#648.455#648.808
777;согласно;согласно;ADP;_;_;_;_;_;@o1984f-words#@o1984f#648.808#649.161
778;которым;который;PRON;_;Case=Dat;_;_;_;@o1984f-words#@o1984f#649.161#649.514
779;они;они;PRON;_;Case=Nom|Number=Plur|Person=3;_;_;_;@o1984f-words#@o1984f#649.514#649.867
780;жили;жить;VERB;_;Aspect=Imp|Mood=Ind|Number=Plur|Tense=Past|VerbForm=Fin|Voice=Act;_;_;_;@o1984f-words#@o1984f#649.867#650.22
781;/;/;PUNCT;_;_;_;_;_;@o1984f-words#@o1984f#650.22#650.573
782;ничего;ничто;PRON;_;Case=Gen;_;_;_;@o1984f-words#@o1984f#650.573#650.926
783;не;не;PART;_;_;_;_;_;@o1984f-words#@o1984f#650.926#651.279
784;сделают;сделать;VERB;_;Aspect=Perf|Mood=Ind|Number=Plur|Person=3|Tense=Fut|VerbForm=Fin|Voice=Act;_;_;_;@o1984f-words#@o1984f#651.279#651.632
785;/;/;PUNCT;_;_;_;_;_;@o1984f-words#@o1984f#651.632#651.985
786;и;и;CCONJ;_;_;_;_;_;@o1984f-words#@o1984f#651.985#652.338
787;наверно;наверно;ADV;_;Degree=Pos;_;_;_;@o1984f-words#@o1984f#652.338#652.691
788;здесь;здесь;ADV;_;Degree=Pos;_;_;_;@o1984f-words#@o1984f#652.691#653.044
789;какой-то;какой-то;DET;_;Case=Nom|Gender=Masc|Number=Sing;_;_;_;@o1984f-words#@o1984f#653.044#653.397
790;прогресс;прогресс;NOUN;_;Animacy=Inan|Case=Nom|Gender=Masc|Number=Sing;_;_;_;@o1984f-words#@o1984f#653.397#653.75
791;произойдёт;произойти;VERB;_;Aspect=Perf|Mood=Ind|Number=Sing|Person=3|Tense=Fut|VerbForm=Fin|Voice=Act;_;_;_;@o1984f-words#@o1984f#653.75#654.103
792;только;только;PART;_;_;_;_;_;@o1984f-words#@o1984f#654.103#654.456
793;за;за;ADP;_;_;_;_;_;@o1984f-words#@o1984f#654.456#654.809
794;счёт;счет;NOUN;_;Animacy=Inan|Case=Acc|Gender=Masc|Number=Sing;_;_;_;@o1984f-words#@o1984f#654.809#655.162
795;естественного;естественный;ADJ;_;Case=Gen|Degree=Pos|Gender=Masc|Number=Sing;_;_;_;@o1984f-words#@o1984f#655.162#655.515
796;аа;аа;INTJ;_;_;_;_;_;@o1984f-words#@o1984f#655.515#655.868
797;естественной;естественный;ADJ;_;Case=Gen|Degree=Pos|Gender=Fem|Number=Sing;_;_;_;@o1984f-words#@o1984f#655.868#656.221
798;смены;смена;NOUN;_;Animacy=Inan|Case=Gen|Gender=Fem|Number=Sing;_;_;_;@o1984f-words#@o1984f#656.221#656.574
799;поколений;поколение;NOUN;_;Animacy=Inan|Case=Gen|Gender=Neut|Number=Plur;_;_;_;@o1984f-words#@o1984f#656.574#656.927
800;/;/;PUNCT;_;_;_;_;_;@o1984f-words#@o1984f#656.927#657.28
801;говорить;говорить;VERB;_;Aspect=Imp|VerbForm=Inf|Voice=Act;_;_;_;@o1984f-words#@o1984f#657.28#657.633
802;о;о;ADP;_;_;_;_;_;@o1984f-words#@o1984f#657.633#657.986
803;лег...;легализация;NOUN;_;Animacy=Inan|Case=Loc|Gender=Fem|Number=Sing;_;_;_;@o1984f-words#@o1984f#657.986#658.339
804;о;о;ADP;_;_;_;_;_;@o1984f-words#@o1984f#658.339#658.692
805;легализации;легализация;NOUN;_;Animacy=Inan|Case=Loc|Gender=Fem|Number=Sing;_;_;_;@o1984f-words#@o1984f#658.692#659.045
806;однополых;однополый;ADJ;_;Case=Gen|Degree=Pos|Number=Plur;_;_;_;@o1984f-words#@o1984f#659.045#659.398
807;отношений;отношение;NOUN;_;Animacy=Inan|Case=Gen|Gender=Neut|Number=Plur;_;_;_;@o1984f-words#@o1984f#659.398#659.751
808;наверно;наверно;ADV;_;Degree=Pos;_;_;_;@o1984f-words#@o1984f#659.751#660.104
809;можно;можно;ADV;_;Degree=Pos;_;_;_;@o1984f-words#@o1984f#660.104#660.457
810;будет;быть;AUX;_;Aspect=Imp|Mood=Ind|Number=Sing|Person=3|Tense=Pres|VerbForm=Fin|Voice=Act;_;_;_;@o1984f-words#@o1984f#660.457#660.81
811;только;только;PART;_;_;_;_;_;@o1984f-words#@o1984f#660.81#661.163
812;/;/;PUNCT;_;_;_;_;_;@o1984f-words#@o1984f#661.163#661.516
813;мм;мм;INTJ;_;_;_;_;_;@o1984f-words#@o1984f#661.516#661.869
814;лет;год;NOUN;_;Animacy=Inan|Case=Gen|Gender=Masc|Number=Plur;_;_;_;@o1984f-words#@o1984f#661.869#662.222
815;через;через;ADP;_;_;_;_;_;@o1984f-words#@o1984f#662.222#662.575
816;десять-пятнадцать;десять-пятнадцать;NUM;_;Case=Acc;_;_;_;@o1984f-words#@o1984f#662.575#662.928
817;/;/;PUNCT;_;_;_;_;_;@o1984f-words#@o1984f#662.928#663.281
818;и-и;и;CCONJ;_;_;_;_;_;@o1984f-words#@o1984f#663.281#663.634
819;то;то;SCONJ;_;_;_;_;_;@o1984f-words#@o1984f#663.634#663.987
820;в;в;ADP;_;_;_;_;_;@o1984f-words#@o1984f#663.987#664.34
821;лучшем;лучший;ADJ;_;Case=Loc|Degree=Cmp|Gender=Masc|Number=Sing;_;_;_;@o1984f-words#@o1984f#664.34#664.693
822;случае;случай;NOUN;_;Animacy=Inan|Case=Loc|Gender=Masc|Number=Sing;_;_;_;@o1984f-words#@o1984f#664.693#665.12
823;да;да;PART;_;_;_;_;_;@o1984f-words#@o1984f#673.715#674.051
824;/;/;PUNCT;_;_;_;_;_;@o1984f-words#@o1984f#674.051#674.387
825;факт;факт;PART;_;_;_;_;_;@o1984f-words#@o1984f#674.387#674.725
826;однозначно;однозначно;ADV;_;Degree=Pos;_;_;_;@o1984f-words#@o1984f#717.43#718.09
827;ну;ну;PART;_;_;_;_;_;@a1988f-words#@a1988f#417.78#418.078
828;это;это;PRON;_;Animacy=Inan|Case=Nom|Gender=Neut|Number=Sing;_;_;_;@a1988f-words#@a1988f#418.078#418.376
829;очень;очень;ADV;_;Degree=Pos;_;_;_;@a1988f-words#@a1988f#418.376#418.674
830;/;/;PUNCT;_;_;_;_;_;@a1988f-words#@a1988f#418.674#418.972
831;маловероятно;маловероятный;ADV;_;Degree=Pos;_;_;_;@a1988f-words#@a1988f#418.972#419.27
832;ну;ну;PART;_;_;_;_;_;@a1988f-words#@a1988f#436.835#437.093
833;и;и;CCONJ;_;_;_;_;_;@a1988f-words#@a1988f#437.093#437.351
834;мы;мы;PRON;_;Case=Nom|Number=Plur|Person=1;_;_;_;@a1988f-words#@a1988f#437.351#437.609
835;в;в;ADP;_;_;_;_;_;@a1988f-words#@a1988f#437.609#437.867
836;принципе;принцип;NOUN;_;Animacy=Inan|Case=Loc|Gender=Masc|Number=Sing;_;_;_;@a1988f-words#@a1988f#437.867#438.125
837;особо;особо;ADV;_;Degree=Pos;_;_;_;@a1988f-words#@a1988f#438.125#438.383
838;не;не;PART;_;_;_;_;_;@a1988f-words#@a1988f#438.383#438.641
839;афишируем;афишировать;VERB;_;Aspect=Imp|Mood=Ind|Number=Plur|Person=1|Tense=Pres|VerbForm=Fin|Voice=Act;_;_;_;@a1988f-words#@a1988f#438.641#438.899
840;/;/;PUNCT;_;_;_;_;_;@a1988f-words#@a1988f#438.899#439.157
841;[нрзб];_;X;_;_;_;_;_;@a1988f-words#@a1988f#439.157#439.415
842;да;да;PART;_;_;_;_;_;@a1988f-words#@a1988f#439.415#439.673
843;мы;мы;PRON;_;Case=Nom|Number=Plur|Person=1;_;_;_;@a1988f-words#@a1988f#439.673#439.931
844;не;не;PART;_;_;_;_;_;@a1988f-words#@a1988f#439.931#440.189
845;целуемся;целоваться;VERB;_;Aspect=Imp|Mood=Ind|Number=Plur|Person=1|Tense=Pres|VerbForm=Fin|Voice=Mid;_;_;_;@a1988f-words#@a1988f#440.189#440.447
846;на;на;ADP;_;_;_;_;_;@a1988f-words#@a1988f#440.447#440.705
847;улице;улица;NOUN;_;Animacy=Inan|Case=Loc|Gender=Fem|Number=Sing;_;_;_;@a1988f-words#@a1988f#440.705#440.963
848;/;/;PUNCT;_;_;_;_;_;@a1988f-words#@a1988f#440.963#441.221
849;там;там;ADV;_;Degree=Pos;_;_;_;@a1988f-words#@a1988f#441.221#441.48
850;да;да;PART;_;_;_;_;_;@a1988f-words#@a1988f#442.29#442.545
851;/;/;PUNCT;_;_;_;_;_;@a1988f-words#@a1988f#442.545#442.8
852;мы;мы;PRON;_;Case=Nom|Number=Plur|Person=1;_;_;_;@a1988f-words#@a1988f#442.8#443.055
853;держим;держать;VERB;_;Aspect=Imp|Mood=Ind|Number=Plur|Person=1|Tense=Pres|VerbForm=Fin|Voice=Act;_;_;_;@a1988f-words#@a1988f#443.055#443.31
854;друг;друг;NOUN;_;Animacy=Anim|Case=Nom|Gender=Masc|Number=Sing;_;_;_;@a1988f-words#@a1988f#443.31#443.565
855;друга;друг;NOUN;_;Animacy=Anim|Case=Acc|Gender=Masc|Number=Sing;_;_;_;@a1988f-words#@a1988f#443.565#443.82
856;за;за;ADP;_;_;_;_;_;@a1988f-words#@a1988f#443.82#444.075
857;руку;рука;NOUN;_;Animacy=Inan|Case=Acc|Gender=Fem|Number=Sing;_;_;_;@a1988f-words#@a1988f#444.075#444.33
858;/;/;PUNCT;_;_;_;_;_;@a1988f-words#@a1988f#444.33#444.585
859;в;в;ADP;_;_;_;_;_;@a1988f-words#@a1988f#444.585#444.84
860;метро;метро;NOUN;_;Animacy=Inan|Case=Loc|Gender=Neut|Number=Sing;_;_;_;@a1988f-words#@a1988f#444.84#445.095
861;но;но;CCONJ;_;_;_;_;_;@a1988f-words#@a1988f#445.095#445.35
862;это;это;PRON;_;Animacy=Inan|Case=Nom|Gender=Neut|Number=Sing;_;_;_;@a1988f-words#@a1988f#445.35#445.605
863;скорее;скорее;ADV;_;Degree=Pos;_;_;_;@a1988f-words#@a1988f#445.605#445.86
864;воспринимается;воспринимать;VERB;_;Aspect=Imp|Mood=Ind|Number=Sing|Person=3|Tense=Pres|VerbForm=Fin|Voice=Pass;_;_;_;@a1988f-words#@a1988f#445.86#446.115
865;что;что;PRON;_;Case=Nom;_;_;_;@a1988f-words#@a1988f#446.115#446.37
866;там;там;ADV;_;Degree=Pos;_;_;_;@a1988f-words#@a1988f#446.37#446.625
867;/;/;PUNCT;_;_;_;_;_;@a1988f-words#@a1988f#446.625#446.88
868;ну;ну;PART;_;_;_;_;_;@a1988f-words#@a1988f#446.88#447.135
869;как;как;SCONJ;_;_;_;_;_;@a1988f-words#@a1988f#447.135#447.39
870;сёстры;сестра;NOUN;_;Animacy=Anim|Case=Nom|Gender=Fem|Number=Plur;_;_;_;@a1988f-words#@a1988f#447.39#447.645
871;/;/;PUNCT;_;_;_;_;_;@a1988f-words#@a1988f#447.645#447.9
872;как;как;SCONJ;_;_;_;_;_;@a1988f-words#@a1988f#447.9#448.155
873;подружки;подружка;ADV;_;Degree=Pos;_;_;_;@a1988f-words#@a1988f#448.155#448.41
874;такие;такой;DET;_;Case=Nom|Number=Plur;_;_;_;@a1988f-words#@a1988f#448.41#448.665
875;тёплые;тёплый;ADJ;_;Case=Nom|Degree=Pos|Number=Plur;_;_;_;@a1988f-words#@a1988f#448.665#448.92
876;у;у;ADP;_;_;_;_;_;@a1988f-words#@a1988f#448.92#449.175
877;них;они;PRON;_;Case=Gen|Number=Plur|Person=3;_;_;_;@a1988f-words#@a1988f#449.175#449.43
878;отношения;отношение;NOUN;_;Animacy=Inan|Case=Nom|Gender=Neut|Number=Plur;_;_;_;@a1988f-words#@a1988f#449.43#449.685
879;нас;мы;PRON;_;Case=Acc|Number=Plur|Person=1;_;_;_;@a1988f-words#@a1988f#449.685#449.94
880;/;/;PUNCT;_;_;_;_;_;@a1988f-words#@a1988f#449.94#450.195
881;не…;не;PART;_;_;_;_;_;@a1988f-words#@a1988f#450.195#450.45
882;мне;я;PRON;_;Case=Dat|Number=Sing|Person=1;_;_;_;@a1988f-words#@a1988f#450.45#450.705
883;кажется;казаться;VERB;_;Aspect=Imp|Mood=Ind|Number=Sing|Person=3|Tense=Pres|VerbForm=Fin|Voice=Mid;_;_;_;@a1988f-words#@a1988f#450.705#450.96
884;мало;мало;ADV;_;Degree=Pos;_;_;_;@a1988f-words#@a1988f#450.96#451.215
885;кто;кто;PRON;_;Case=Nom;_;_;_;@a1988f-words#@a1988f#451.215#451.47
886;воспринимает;воспринимать;VERB;_;Aspect=Imp|Mood=Ind|Number=Sing|Person=3|Tense=Pres|VerbForm=Fin|Voice=Act;_;_;_;@a1988f-words#@a1988f#451.47#451.725
887;к-именно;именно;ADV;_;Degree=Pos;_;_;_;@a1988f-words#@a1988f#451.725#451.98
888;как;как;SCONJ;_;_;_;_;_;@a1988f-words#@a1988f#451.98#452.235
889;пару;пара;NOUN;_;Animacy=Inan|Case=Acc|Gender=Fem|Number=Sing;_;_;_;@a1988f-words#@a1988f#452.235#452.49
890;поэтому;поэтому;ADV;_;Degree=Pos;_;_;_;@a1988f-words#@a1988f#454.0#454.256
891;может;мочь;VERB;_;Aspect=Imp|Mood=Ind|Number=Sing|Person=3|Tense=Pres|VerbForm=Fin|Voice=Act;_;_;_;@a1988f-words#@a1988f#454.256#454.512
892;быть;быть;AUX;_;Aspect=Imp|VerbForm=Inf|Voice=Act;_;_;_;@a1988f-words#@a1988f#454.512#454.768
893;ещё;еще;ADV;_;Degree=Pos;_;_;_;@a1988f-words#@a1988f#454.768#455.024
894;не;не;PART;_;_;_;_;_;@a1988f-words#@a1988f#455.024#455.28
895;сталкивались;сталкиваться;VERB;_;Aspect=Imp|Mood=Ind|Number=Plur|Tense=Past|VerbForm=Fin|Voice=Mid;_;_;_;@a1988f-words#@a1988f#455.28#455.536
896;с;с;ADP;_;_;_;_;_;@a1988f-words#@a1988f#455.536#455.792
897;этой;этот;DET;_;Case=Ins|Gender=Fem|Number=Sing;_;_;_;@a1988f-words#@a1988f#455.792#456.048
898;проблемой;проблема;NOUN;_;Animacy=Inan|Case=Ins|Gender=Fem|Number=Sing;_;_;_;@a1988f-words#@a1988f#456.048#456.31
899;ага;ага;INTJ;_;_;_;_;_;@a1988f-words#@a1988f#581.475#581.925
900;[нрзб];_;X;_;_;_;_;_;@a1988f-words#@a1988f#585.56#585.918
901;что;что;SCONJ;_;_;_;_;_;@a1988f-words#@a1988f#585.918#586.276
902;это;это;PRON;_;Animacy=Inan|Case=Nom|Gender=Neut|Number=Sing;_;_;_;@a1988f-words#@a1988f#586.276#586.634
903;скорее;скорее;ADV;_;Degree=Pos;_;_;_;@a1988f-words#@a1988f#586.634#586.992
904;стереотип;стереотип;NOUN;_;Animacy=Inan|Case=Nom|Gender=Masc|Number=Sing;_;_;_;@a1988f-words#@a1988f#586.992#587.35
905;что;что;PRON;_;Case=Nom;_;_;_;@a1988f-words#@a1988f#587.35#587.71
906;[нрзб];_;X;_;_;_;_;_;@a1988f-words#@a1988f#614.95#615.72
907;да;да;PART;_;_;_;_;_;@a1988f-words#@a1988f#665.3#665.624
908;в;в;ADP;_;_;_;_;_;@a1988f-words#@a1988f#665.624#665.948
909;принципе;принцип;NOUN;_;Animacy=Inan|Case=Loc|Gender=Masc|Number=Sing;_;_;_;@a1988f-words#@a1988f#665.948#666.272
910;мы;мы;PRON;_;Case=Nom|Number=Plur|Person=1;_;_;_;@a1988f-words#@a1988f#666.272#666.596
911;думали;думать;VERB;_;Aspect=Imp|Mood=Ind|Number=Plur|Tense=Past|VerbForm=Fin|Voice=Act;_;_;_;@a1988f-words#@a1988f#666.596#666.92
912;что;что;PRON;_;Case=Acc;_;_;_;@a1988f-words#@a1988f#666.92#667.244
913;/;/;PUNCT;_;_;_;_;_;@a1988f-words#@a1988f#667.244#667.568
914;среди;среди;ADP;_;_;_;_;_;@a1988f-words#@a1988f#667.568#667.892
915;масс-медиа;масс-медиа;NOUN;_;Animacy=Inan|Case=Gen|Gender=Fem|Number=Plur;_;_;_;@a1988f-words#@a1988f#667.892#668.216
916;очень;очень;ADV;_;Degree=Pos;_;_;_;@a1988f-words#@a1988f#668.216#668.54
917;много;много;ADV;_;Degree=Pos;_;_;_;@a1988f-words#@a1988f#668.54#668.864
918;/;/;PUNCT;_;_;_;_;_;@a1988f-words#@a1988f#668.864#669.188
919;людей;человек;NOUN;_;Animacy=Anim|Case=Gen|Gender=Masc|Number=Plur;_;_;_;@a1988f-words#@a1988f#669.188#669.512
920;которые;который;PRON;_;Case=Nom;_;_;_;@a1988f-words#@a1988f#669.512#669.836
921;в;в;ADP;_;_;_;_;_;@a1988f-words#@a1988f#669.836#670.16
922;теме;тема;NOUN;_;Animacy=Inan|Case=Loc|Gender=Fem|Number=Sing;_;_;_;@a1988f-words#@a1988f#670.16#670.484
923;/;/;PUNCT;_;_;_;_;_;@a1988f-words#@a1988f#670.484#670.808
924;но;но;CCONJ;_;_;_;_;_;@a1988f-words#@a1988f#670.808#671.132
925;которые;который;PRON;_;Case=Nom;_;_;_;@a1988f-words#@a1988f#671.132#671.456
926;это;это;PRON;_;Animacy=Inan|Case=Acc|Gender=Neut|Number=Sing;_;_;_;@a1988f-words#@a1988f#671.456#671.78
927;тщательно;тщательно;ADV;_;Degree=Pos;_;_;_;@a1988f-words#@a1988f#671.78#672.104
928;скрывают;скрывать;VERB;_;Aspect=Imp|Mood=Ind|Number=Plur|Person=3|Tense=Pres|VerbForm=Fin|Voice=Act;_;_;_;@a1988f-words#@a1988f#672.104#672.428
929;/;/;PUNCT;_;_;_;_;_;@a1988f-words#@a1988f#672.428#672.752
930;это;это;PRON;_;Animacy=Inan|Case=Nom|Gender=Neut|Number=Sing;_;_;_;@a1988f-words#@a1988f#672.752#673.076
931;как;как;SCONJ;_;_;_;_;_;@a1988f-words#@a1988f#673.076#673.4
932;и;и;PART;_;_;_;_;_;@a1988f-words#@a1988f#673.4#673.724
933;женщины;женщина;NOUN;_;Animacy=Anim|Case=Nom|Gender=Fem|Number=Plur;_;_;_;@a1988f-words#@a1988f#673.724#674.048
934;как;как;SCONJ;_;_;_;_;_;@a1988f-words#@a1988f#674.048#674.372
935;и;и;PART;_;_;_;_;_;@a1988f-words#@a1988f#674.372#674.696
936;мужчины;мужчина;NOUN;_;Animacy=Anim|Case=Nom|Gender=Masc|Number=Plur;_;_;_;@a1988f-words#@a1988f#674.696#675.02
937;да;да;PART;_;_;_;_;_;@a1988f-words#@a1988f#675.02#675.344
938;а;а;INTJ;_;_;_;_;_;@a1988f-words#@a1988f#675.344#675.668
939;/;/;PUNCT;_;_;_;_;_;@a1988f-words#@a1988f#675.668#675.992
940;там;там;ADV;_;Degree=Pos;_;_;_;@a1988f-words#@a1988f#675.992#676.316
941;в;в;ADP;_;_;_;_;_;@a1988f-words#@a1988f#676.316#676.64
942;связи;связь;NOUN;_;Animacy=Inan|Case=Loc|Gender=Fem|Number=Sing;_;_;_;@a1988f-words#@a1988f#676.64#676.964
943;со;с;ADP;_;_;_;_;_;@a1988f-words#@a1988f#676.964#677.288
944;своей;свой;DET;_;Case=Ins|Gender=Fem|Number=Sing;_;_;_;@a1988f-words#@a1988f#677.288#677.612
945;работой;работа;NOUN;_;Animacy=Inan|Case=Ins|Gender=Fem|Number=Sing;_;_;_;@a1988f-words#@a1988f#677.612#677.936
946;я;я;PRON;_;Case=Nom|Number=Sing|Person=1;_;_;_;@a1988f-words#@a1988f#677.936#678.26
947;очень;очень;ADV;_;Degree=Pos;_;_;_;@a1988f-words#@a1988f#678.26#678.584
948;/;/;PUNCT;_;_;_;_;_;@a1988f-words#@a1988f#678.584#678.908
949;много;много;ADV;_;Degree=Pos;_;_;_;@a1988f-words#@a1988f#678.908#679.232
950;видела;видеть;VERB;_;Aspect=Imp|Gender=Fem|Mood=Ind|Number=Sing|Tense=Past|VerbForm=Fin|Voice=Act;_;_;_;@a1988f-words#@a1988f#679.232#679.556
951;этих;этот;DET;_;Case=Gen|Number=Plur;_;_;_;@a1988f-words#@a1988f#679.556#679.88
952;ситуаций;ситуация;NOUN;_;Animacy=Inan|Case=Gen|Gender=Fem|Number=Plur;_;_;_;@a1988f-words#@a1988f#679.88#680.24
953;то;то;PRON;_;Animacy=Inan|Case=Nom|Gender=Neut|Number=Sing;_;_;_;@a1988f-words#@a1988f#680.44#680.698
954;есть;быть;VERB;_;Aspect=Imp|Mood=Ind|Number=Sing|Person=3|Tense=Pres|VerbForm=Fin|Voice=Act;_;_;_;@a1988f-words#@a1988f#680.698#680.956
955;когда;когда;SCONJ;_;_;_;_;_;@a1988f-words#@a1988f#680.956#681.214
956;ты;ты;PRON;_;Case=Nom|Number=Sing|Person=2;_;_;_;@a1988f-words#@a1988f#681.214#681.472
957;смотришь;смотреть;VERB;_;Aspect=Imp|Mood=Ind|Number=Sing|Person=2|Tense=Pres|VerbForm=Fin|Voice=Act;_;_;_;@a1988f-words#@a1988f#681.472#681.73
958;по;по;ADP;_;_;_;_;_;@a1988f-words#@a1988f#681.73#681.988
959;телевизору;телевизор;NOUN;_;Animacy=Inan|Case=Dat|Gender=Masc|Number=Sing;_;_;_;@a1988f-words#@a1988f#681.988#682.246
960;и;и;CCONJ;_;_;_;_;_;@a1988f-words#@a1988f#682.246#682.504
961;ты;ты;PRON;_;Case=Nom|Number=Sing|Person=2;_;_;_;@a1988f-words#@a1988f#682.504#682.762
962;уверен;уверенный;ADJ;_;Degree=Pos|Gender=Masc|Number=Sing|Variant=Short;_;_;_;@a1988f-words#@a1988f#682.762#683.02
963;/;/;PUNCT;_;_;_;_;_;@a1988f-words#@a1988f#683.02#683.278
964;там;там;ADV;_;Degree=Pos;_;_;_;@a1988f-words#@a1988f#683.278#683.536
965;в;в;ADP;_;_;_;_;_;@a1988f-words#@a1988f#683.536#683.794
966;гетеросексуальности;гетеросексуальность;NOUN;_;Animacy=Inan|Case=Loc|Gender=Fem|Number=Sing;_;_;_;@a1988f-words#@a1988f#683.794#684.052
967;например;например;ADV;_;Degree=Pos;_;_;_;@a1988f-words#@a1988f#684.052#684.31
968;этого;этот;DET;_;Case=Gen|Gender=Masc|Number=Sing;_;_;_;@a1988f-words#@a1988f#684.31#684.568
969;человека;человек;NOUN;_;Animacy=Anim|Case=Gen|Gender=Masc|Number=Sing;_;_;_;@a1988f-words#@a1988f#684.568#684.83
970;а;а;INTJ;_;_;_;_;_;@a1988f-words#@a1988f#685.19#685.49
971;по;по;ADP;_;_;_;_;_;@a1988f-words#@a1988f#685.49#685.79
972;факту;факт;NOUN;_;Animacy=Inan|Case=Dat|Gender=Masc|Number=Sing;_;_;_;@a1988f-words#@a1988f#685.79#686.09
973;всё;все;PRON;_;Animacy=Inan|Case=Acc|Gender=Neut|Number=Sing;_;_;_;@a1988f-words#@a1988f#686.09#686.39
974;на;на;ADP;_;_;_;_;_;@a1988f-words#@a1988f#686.39#686.69
975;самом;самый;ADJ;_;Case=Loc|Degree=Pos|Gender=Neut|Number=Sing;_;_;_;@a1988f-words#@a1988f#686.69#686.99
976;деле;дело;NOUN;_;Animacy=Inan|Case=Loc|Gender=Neut|Number=Sing;_;_;_;@a1988f-words#@a1988f#686.99#687.29
977;по-другому;по-другому;ADV;_;Degree=Pos;_;_;_;@a1988f-words#@a1988f#687.29#687.59
978;/;/;PUNCT;_;_;_;_;_;@a1988f-words#@a1988f#687.59#687.89
979;и;и;CCONJ;_;_;_;_;_;@a1988f-words#@a1988f#687.89#688.19
980;когда;когда;ADV;_;Degree=Pos;_;_;_;@a1988f-words#@a1988f#688.19#688.49
981;эти;этот;DET;_;Case=Nom|Number=Plur;_;_;_;@a1988f-words#@a1988f#688.49#688.79
982;люди;человек;NOUN;_;Animacy=Anim|Case=Nom|Gender=Masc|Number=Plur;_;_;_;@a1988f-words#@a1988f#688.79#689.09
983;будут;быть;AUX;_;Aspect=Imp|Mood=Ind|Number=Plur|Person=3|Tense=Pres|VerbForm=Fin|Voice=Act;_;_;_;@a1988f-words#@a1988f#689.09#689.39
984;открыто;открыто;ADV;_;Degree=Pos;_;_;_;@a1988f-words#@a1988f#689.39#689.69
985;/;/;PUNCT;_;_;_;_;_;@a1988f-words#@a1988f#689.69#689.99
986;и;и;PART;_;_;_;_;_;@a1988f-words#@a1988f#689.99#690.29
987;не;не;PART;_;_;_;_;_;@a1988f-words#@a1988f#690.29#690.59
988;боясь;бояться;VERB;_;Aspect=Imp|Tense=Pres|VerbForm=Conv|Voice=Mid;_;_;_;@a1988f-words#@a1988f#690.59#690.89
989;/;/;PUNCT;_;_;_;_;_;@a1988f-words#@a1988f#690.89#691.19
990;заявлять;заявлять;VERB;_;Aspect=Imp|VerbForm=Inf|Voice=Act;_;_;_;@a1988f-words#@a1988f#691.19#691.49
991;обществу;общество;NOUN;_;Animacy=Inan|Case=Dat|Gender=Neut|Number=Sing;_;_;_;@a1988f-words#@a1988f#691.49#691.79
992;о;о;ADP;_;_;_;_;_;@a1988f-words#@a1988f#691.79#692.09
993;том;то;PRON;_;Animacy=Inan|Case=Loc|Gender=Neut|Number=Sing;_;_;_;@a1988f-words#@a1988f#692.09#692.39
994;что;что;SCONJ;_;_;_;_;_;@a1988f-words#@a1988f#692.39#692.69
995;там;там;ADV;_;Degree=Pos;_;_;_;@a1988f-words#@a1988f#692.69#692.99
996;/;/;PUNCT;_;_;_;_;_;@a1988f-words#@a1988f#692.99#693.29
997;они;они;PRON;_;Case=Nom|Number=Plur|Person=3;_;_;_;@a1988f-words#@a1988f#693.29#693.59
998;гомосексуалисты;гомосексуалист;NOUN;_;Animacy=Anim|Case=Nom|Gender=Masc|Number=Plur;_;_;_;@a1988f-words#@a1988f#693.59#693.89
999;и;и;CCONJ;_;_;_;_;_;@a1988f-words#@a1988f#693.89#694.19
1000;/;/;PUNCT;_;_;_;_;_;@a1988f-words#@a1988f#694.19#694.49
1001;просто;просто;PART;_;_;_;_;_;@a1988f-words#@a1988f#694.49#694.79
1002;то;то;PRON;_;Animacy=Inan|Case=Nom|Gender=Neut|Number=Sing;_;_;_;@a1988f-words#@a1988f#694.79#695.09
1003;что;что;SCONJ;_;_;_;_;_;@a1988f-words#@a1988f#695.09#695.39
1004;они;они;PRON;_;Case=Nom|Number=Plur|Person=3;_;_;_;@a1988f-words#@a1988f#695.39#695.69
1005;/;/;PUNCT;_;_;_;_;_;@a1988f-words#@a1988f#695.69#695.99
1006;предпочитают;предпочитать;VERB;_;Aspect=Imp|Mood=Ind|Number=Plur|Person=3|Tense=Pres|VerbForm=Fin|Voice=Act;_;_;_;@a1988f-words#@a1988f#695.99#696.29
1007;там;там;ADV;_;Degree=Pos;_;_;_;@a1988f-words#@a1988f#696.29#696.59
1008;/;/;PUNCT;_;_;_;_;_;@a1988f-words#@a1988f#696.59#696.89
1009;людей;человек;NOUN;_;Animacy=Anim|Case=Acc|Gender=Masc|Number=Plur;_;_;_;@a1988f-words#@a1988f#696.89#697.19
1010;своей;свой;DET;_;Case=Gen|Gender=Fem|Number=Sing;_;_;_;@a1988f-words#@a1988f#697.19#697.49
1011;ориентации;ориентация;NOUN;_;Animacy=Inan|Case=Gen|Gender=Fem|Number=Sing;_;_;_;@a1988f-words#@a1988f#697.49#697.82
1012;и;и;CCONJ;_;_;_;_;_;@a1988f-words#@a1988f#699.25#699.597
1013;несмотря;несмотря;ADP;_;_;_;_;_;@a1988f-words#@a1988f#699.944#700.291
1014;как;как;ADV;_;Degree=Pos;_;_;_;@a1988f-words#@a1988f#700.291#700.638
1015;бы;бы;PART;_;_;_;_;_;@a1988f-words#@a1988f#700.638#700.985
1016;на;на;ADP;_;_;_;_;_;@a1988f-words#@a1988f#700.985#701.332
1017;то;то;PRON;_;Animacy=Inan|Case=Acc|Gender=Neut|Number=Sing;_;_;_;@a1988f-words#@a1988f#701.332#701.679
1018;что;что;SCONJ;_;_;_;_;_;@a1988f-words#@a1988f#701.679#702.026
1019;они;они;PRON;_;Case=Nom|Number=Plur|Person=3;_;_;_;@a1988f-words#@a1988f#702.026#702.373
1020;/;/;PUNCT;_;_;_;_;_;@a1988f-words#@a1988f#702.373#702.72
1021;аа;аа;INTJ;_;_;_;_;_;@a1988f-words#@a1988f#702.72#703.067
1022;либо;либо;CCONJ;_;_;_;_;_;@a1988f-words#@a1988f#703.067#703.414
1023;у;у;ADP;_;_;_;_;_;@a1988f-words#@a1988f#703.414#703.761
1024;власти;власть;NOUN;_;Animacy=Inan|Case=Gen|Gender=Fem|Number=Sing;_;_;_;@a1988f-words#@a1988f#703.761#704.108
1025;либо;либо;CCONJ;_;_;_;_;_;@a1988f-words#@a1988f#704.108#704.455
1026;просто;просто;PART;_;_;_;_;_;@a1988f-words#@a1988f#704.455#704.802
1027;какой-то;какой-то;DET;_;Case=Nom|Gender=Masc|Number=Sing;_;_;_;@a1988f-words#@a1988f#704.802#705.149
1028;публичный;публичный;ADJ;_;Case=Nom|Degree=Pos|Gender=Masc|Number=Sing;_;_;_;@a1988f-words#@a1988f#705.149#705.496
1029;человек;человек;NOUN;_;Animacy=Anim|Case=Nom|Gender=Masc|Number=Sing;_;_;_;@a1988f-words#@a1988f#705.496#705.843
1030;ээ;ээ;INTJ;_;_;_;_;_;@a1988f-words#@a1988f#705.843#706.19
1031;их;они;PRON;_;Case=Acc|Number=Plur|Person=3;_;_;_;@a1988f-words#@a1988f#706.19#706.537
1032;любят;любить;VERB;_;Aspect=Imp|Mood=Ind|Number=Plur|Person=3|Tense=Pres|VerbForm=Fin|Voice=Act;_;_;_;@a1988f-words#@a1988f#706.537#706.884
1033;за;за;ADP;_;_;_;_;_;@a1988f-words#@a1988f#706.884#707.231
1034;их;они;DET;_;_;_;_;_;@a1988f-words#@a1988f#707.231#707.578
1035;заслуги;заслуга;NOUN;_;Animacy=Inan|Case=Acc|Gender=Fem|Number=Plur;_;_;_;@a1988f-words#@a1988f#707.578#707.925
1036;/;/;PUNCT;_;_;_;_;_;@a1988f-words#@a1988f#707.925#708.272
1037;да;да;PART;_;_;_;_;_;@a1988f-words#@a1988f#708.272#708.619
1038;и;и;PART;_;_;_;_;_;@a1988f-words#@a1988f#708.619#708.966
1039;там;там;ADV;_;Degree=Pos;_;_;_;@a1988f-words#@a1988f#708.966#709.313
1040;уже;уже;ADV;_;Degree=Pos;_;_;_;@a1988f-words#@a1988f#709.313#709.66
1041;не;не;PART;_;_;_;_;_;@a1988f-words#@a1988f#709.66#710.007
1042;важно;важный;ADJ;_;Degree=Pos|Gender=Neut|Number=Sing|Variant=Short;_;_;_;@a1988f-words#@a1988f#710.007#710.354
1043;/;/;PUNCT;_;_;_;_;_;@a1988f-words#@a1988f#710.354#710.701
1044;ээ;ээ;INTJ;_;_;_;_;_;@a1988f-words#@a1988f#710.701#711.048
1045;кого;кто;PRON;_;Case=Acc;_;_;_;@a1988f-words#@a1988f#711.048#711.395
1046;он;он;PRON;_;Case=Nom|Gender=Masc|Number=Sing|Person=3;_;_;_;@a1988f-words#@a1988f#711.395#711.742
1047;предпочитает;предпочитать;VERB;_;Aspect=Imp|Mood=Ind|Number=Sing|Person=3|Tense=Pres|VerbForm=Fin|Voice=Act;_;_;_;@a1988f-words#@a1988f#711.742#712.089
1048;в;в;ADP;_;_;_;_;_;@a1988f-words#@a1988f#712.089#712.436
1049;постели;постель;NOUN;_;Animacy=Inan|Case=Loc|Gender=Fem|Number=Sing;_;_;_;@a1988f-words#@a1988f#712.436#712.82
1050;то;то;PRON;_;Animacy=Inan|Case=Nom|Gender=Neut|Number=Sing;_;_;_;@a1988f-words#@a1988f#713.71#713.933
1051;есть;быть;VERB;_;Aspect=Imp|Mood=Ind|Number=Sing|Person=3|Tense=Pres|VerbForm=Fin|Voice=Act;_;_;_;@a1988f-words#@a1988f#713.933#714.156
1052;мне;я;PRON;_;Case=Dat|Number=Sing|Person=1;_;_;_;@a1988f-words#@a1988f#714.156#714.379
1053;кажется;казаться;VERB;_;Aspect=Imp|Mood=Ind|Number=Sing|Person=3|Tense=Pres|VerbForm=Fin|Voice=Mid;_;_;_;@a1988f-words#@a1988f#714.379#714.602
1054;это;это;PRON;_;Animacy=Inan|Case=Nom|Gender=Neut|Number=Sing;_;_;_;@a1988f-words#@a1988f#714.602#714.825
1055;все;весь;DET;_;Case=Nom|Gender=Neut|Number=Sing;_;_;_;@a1988f-words#@a1988f#714.825#715.048
1056;должно;должен;ADJ;_;Degree=Pos|Gender=Neut|Number=Sing|Variant=Short;_;_;_;@a1988f-words#@a1988f#715.048#715.271
1057;идти;идти;VERB;_;Aspect=Imp|VerbForm=Inf|Voice=Act;_;_;_;@a1988f-words#@a1988f#715.271#715.494
1058;всё-таки;всё-таки;PART;_;_;_;_;_;@a1988f-words#@a1988f#715.494#715.717
1059;от;от;ADP;_;_;_;_;_;@a1988f-words#@a1988f#715.717#715.94
1060;телевизора;телевизор;NOUN;_;Animacy=Inan|Case=Gen|Gender=Masc|Number=Sing;_;_;_;@a1988f-words#@a1988f#715.94#716.17
1061;но;но;CCONJ;_;_;_;_;_;@a1988f-words#@a1988f#717.72#718.087
1062;либо;либо;CCONJ;_;_;_;_;_;@a1988f-words#@a1988f#718.087#718.454
1063;через;через;ADP;_;_;_;_;_;@a1988f-words#@a1988f#718.454#718.821
1064;интернет;интернет;NOUN;_;Animacy=Inan|Case=Acc|Gender=Masc|Number=Sing;_;_;_;@a1988f-words#@a1988f#718.821#719.188
1065;ээ;ээ;INTJ;_;_;_;_;_;@a1988f-words#@a1988f#719.188#719.555
1066;сейчас;сейчас;ADV;_;Degree=Pos;_;_;_;@a1988f-words#@a1988f#719.555#719.922
1067;да;да;PART;_;_;_;_;_;@a1988f-words#@a1988f#719.922#720.289
1068;как;как;ADV;_;Degree=Pos;_;_;_;@a1988f-words#@a1988f#720.289#720.656
1069;/;/;PUNCT;_;_;_;_;_;@a1988f-words#@a1988f#720.656#721.023
1070;многие;многий;ADJ;_;Degree=Pos|Number=Plur;_;_;_;@a1988f-words#@a1988f#721.023#721.39
1071;совершают;совершать;VERB;_;Aspect=Imp|Mood=Ind|Number=Plur|Person=3|Tense=Pres|VerbForm=Fin|Voice=Act;_;_;_;@a1988f-words#@a1988f#721.39#721.757
1072;каминг-ауты;каминг-аут;NOUN;_;Animacy=Inan|Case=Acc|Gender=Masc|Number=Plur;_;_;_;@a1988f-words#@a1988f#721.757#722.124
1073;/;/;PUNCT;_;_;_;_;_;@a1988f-words#@a1988f#722.124#722.491
1074;в;в;ADP;_;_;_;_;_;@a1988f-words#@a1988f#722.491#722.858
1075;Америке;Америка;PROPN;_;Animacy=Inan|Case=Loc|Gender=Fem|Number=Sing;_;_;_;@a1988f-words#@a1988f#722.858#723.225
1076;по;по;ADP;_;_;_;_;_;@a1988f-words#@a1988f#723.225#723.592
1077;крайней;крайний;ADJ;_;Case=Dat|Degree=Pos|Gender=Fem|Number=Sing;_;_;_;@a1988f-words#@a1988f#723.592#723.959
1078;мере;мера;NOUN;_;Animacy=Inan|Case=Dat|Gender=Fem|Number=Sing;_;_;_;@a1988f-words#@a1988f#723.959#724.34
1079;у;у;ADP;_;_;_;_;_;@a1988f-words#@a1988f#726.33#726.552
1080;нас;мы;PRON;_;Case=Gen|Number=Plur|Person=1;_;_;_;@a1988f-words#@a1988f#726.552#726.774
1081;до;до;ADP;_;_;_;_;_;@a1988f-words#@a1988f#726.774#726.996
1082;этого;это;PRON;_;Animacy=Inan|Case=Gen|Gender=Neut|Number=Sing;_;_;_;@a1988f-words#@a1988f#726.996#727.218
1083;ещё;еще;ADV;_;Degree=Pos;_;_;_;@a1988f-words#@a1988f#727.218#727.44
1084;далеко;далеко;ADV;_;Degree=Pos;_;_;_;@a1988f-words#@a1988f#727.44#727.662
1085;конечно;конечно;ADV;_;Degree=Pos;_;_;_;@a1988f-words#@a1988f#727.662#727.884
1086;же;же;PART;_;_;_;_;_;@a1988f-words#@a1988f#727.884#728.11
1087;ага;ага;PART;_;_;_;_;_;@mb1995f-words#@mb1995f#441.0#441.3
1088;ну;ну;PART;_;_;_;_;_;@mb1995f-words#@mb1995f#447.04#447.215
1089;да;да;PART;_;_;_;_;_;@mb1995f-words#@mb1995f#447.215#447.39
1090;ага;ага;PART;_;_;_;_;_;@mb1995f-words#@mb1995f#452.9#453.1
1091;ага;ага;PART;_;_;_;_;_;@mb1995f-words#@mb1995f#455.17#455.5
1092;ага;ага;PART;_;_;_;_;_;@mb1995f-words#@mb1995f#534.08#534.28
1093;ага;ага;PART;_;_;_;_;_;@mb1995f-words#@mb1995f#580.99#581.45
1094;ну;ну;PART;_;_;_;_;_;@mb1995f-words#@mb1995f#615.52#615.785
1095;да;да;PART;_;_;_;_;_;@mb1995f-words#@mb1995f#615.785#616.05
1096;ну;ну;PART;_;_;_;_;_;@mb1995f-words#@mb1995f#623.335#623.536
1097;да;да;PART;_;_;_;_;_;@mb1995f-words#@mb1995f#623.536#623.737
1098;/;/;PUNCT;_;_;_;_;_;@mb1995f-words#@mb1995f#623.737#623.938
1099;это;это;PRON;_;Animacy=Inan|Case=Nom|Gender=Neut|Number=Sing;_;_;_;@mb1995f-words#@mb1995f#623.938#624.139
1100;от;от;ADP;_;_;_;_;_;@mb1995f-words#@mb1995f#624.139#624.34
1101;поколения;поколение;NOUN;_;Animacy=Inan|Case=Gen|Gender=Neut|Number=Sing;_;_;_;@mb1995f-words#@mb1995f#624.34#624.545
1102;как;как;ADV;_;Degree=Pos;_;_;_;@mb1995f-words#@mb1995f#627.0#627.257
1103;бороться;бороться;VERB;_;Aspect=Imp|VerbForm=Inf|Voice=Mid;_;_;_;@mb1995f-words#@mb1995f#627.257#627.514
1104;с;с;ADP;_;_;_;_;_;@mb1995f-words#@mb1995f#627.514#627.771
1105;гомофобией;гомофобия;NOUN;_;Animacy=Inan|Case=Ins|Gender=Fem|Number=Sing;_;_;_;@mb1995f-words#@mb1995f#627.771#628.028
1106;в;в;ADP;_;_;_;_;_;@mb1995f-words#@mb1995f#628.028#628.285
1107;России;Россия;PROPN;_;Animacy=Inan|Case=Loc|Gender=Fem|Number=Sing;_;_;_;@mb1995f-words#@mb1995f#628.285#628.542
1108;/;/;PUNCT;_;_;_;_;_;@mb1995f-words#@mb1995f#628.542#628.799
1109;в;в;ADP;_;_;_;_;_;@mb1995f-words#@mb1995f#628.799#629.056
1110;Москве;Москва;PROPN;_;Animacy=Inan|Case=Loc|Gender=Fem|Number=Sing;_;_;_;@mb1995f-words#@mb1995f#629.056#629.313
1111;?;?;PUNCT;_;_;_;_;_;@mb1995f-words#@mb1995f#629.313#629.57
1112;ага;ага;PART;_;_;_;_;_;@mb1995f-words#@mb1995f#672.21#672.79
1113;ага;ага;PART;_;_;_;_;_;@mb1995f-words#@mb1995f#684.42#684.9
1114;ага;ага;PART;_;_;_;_;_;@mb1995f-words#@mb1995f#708.27#708.79
1115;ну;ну;PART;_;_;_;_;_;@mb1995f-words#@mb1995f#711.4#711.695
1116;да;да;PART;_;_;_;_;_;@mb1995f-words#@mb1995f#711.695#711.99
1117;ага;ага;PART;_;_;_;_;_;@mb1995f-words#@mb1995f#723.22#723.79
